"","ID","place","DWA_grid","utm_e","utm_n"
"1",355,"Betzenhausen"," 13u'",411630.047062615,5318076.4389122
"2",356,"Reute"," 13u'",412517.799440649,5326053.76665199
"3",357,"Umkirch"," 13u'",407738.15662923,5320578.92852822
"4",358,"Merdingen"," 13u'",402212.036715969,5319054.97179707
"5",359,"Neuershausen"," 13u'",408349.653875697,5324690.30229936
"6",360,"Hochdorf"," 13u'",410728.697196289,5322429.35954531
"7",361,"Holzhausen"," 13u'",410591.621929272,5324826.1252378
"8",362,"Gottenheim"," 13u'",405121.535294062,5322607.12412189
"9",363,"Hugstetten"," 13u'",409123.017332864,5323038.20759459
"10",364,"Lehen"," 13u'",410568.537739878,5318844.36801153
"11",365,"Buchheim"," 13u'",409035.83928007,5323792.22463847
"12",366,"Bötzingen"," 13u'",405103.238412468,5325691.40968897
"13",367,"Waltershofen"," 13u'",404455.111058215,5319693.17913727
"14",368,"Wasenweiler"," 13u'",401729.992780243,5322878.75434089
"15",436,"Opfingen"," 13u'",404209.975162542,5317155.82204867
"16",492,"Bettendorf"," 10z'",370425.251084569,5271480.65658156
"17",493,"Weiler (Kreis Altkirch)"," 10z'",373624.696836275,5271622.83642884
"18",547,"Heidweiler (Heidwiller)"," 10z'",367848.987048899,5279978.95139549
"19",548,"Lümschweiler (Luemschwiller) und Tagolsheim"," 10z'",371406.47572977,5279428.90891828
"20",549,"Obermorschweiler (Obermorschwiller)"," 10z'",373067.25825497,5277938.1140967
"21",550,"Walheim"," 10z'",369629.072081298,5277720.54938307
"22",551,"Aspach"," 10z'",367318.06772432,5277811.67186539
"23",552,"Karspach (Carspach)"," 10z'",365714.950686442,5274999.66703074
"24",553,"Altkirch"," 10z'",367774.260624911,5276224.60184642
"25",554,"Altkirch"," 10z'",367774.260624911,5276224.60184642
"26",555,"Wittersdorf"," 10z'",370620.9725111,5275519.12076895
"27",556,"Emlingen"," 10z'",371702.546626254,5275919.94211542
"28",557,"Tagsdorf"," 10z'",372438.558196082,5275615.80428742
"29",558,"Hausgauen"," 10z'",373966.045066999,5273737.98530149
"30",559,"Hirzbach (Hirtzbach)"," 10z'",366197.508278109,5272765.84126687
"31",560,"Hisingen (Hirsingue)"," 10z'",368781.873981655,5271764.22962314
"32",502,"Pfetterhausen (Pfetterhouse)"," 9a''",361906.308813928,5262475.89864206
"33",644,"Friesen"," 9a''",360846.025064189,5269650.84264657
"34",645,"Hindlingen"," 9a''",359914.533470417,5270569.36471441
"35",46,"Mitschdorf"," 9k'",362999.836090402,5414792.77972914
"36",77,"Zollingen"," 9k'",359051.705563588,5419287.94108979
"37",78,"Pisdorf (Bischtroff-sur-Sarre)"," 9k'",358553.885654518,5418190.52336006
"38",79,"Burbach"," 9k'",361657.06878698,5418217.13606957
"39",80,"Tal bei Drulingen (Thal-Drulingen)"," 9k'",364093.720557857,5419090.29987748
"40",81,"Berg"," 9k'",364639.468938525,5417413.137136
"41",82,"Güngweiler (Gungwiller)"," 9k'",364934.562542934,5415942.31139432
"42",83,"Eyweiler (Eywiller)"," 9k'",362999.699537875,5414787.22198662
"43",84,"Eschweiler (Eschwiller)"," 9k'",361854.033129342,5413558.67063933
"44",85,"Weyer"," 9k'",365012.678251284,5412956.38197966
"45",86,"Bärendorf (Baerendorf)"," 9k'",359453.059399726,5411151.68827363
"46",87,"Wolfskirchen"," 9k'",358945.10520828,5415771.44899364
"47",88,"Wolfskirchen"," 9k'",358945.10520828,5415771.44899364
"48",89,"Diedendorf"," 9k'",357010.650064144,5415804.0513801
"49",160,"Hirschland"," 9k'",361551.186089832,5411053.65784215
"50",1022,"Markich (Sainte-Marie-Aux-Marines)"," 10s'",364861.548937845,5345114.30709598
"51",1024,"Markich (Sainte-Marie-Aux-Marines)"," 10s'",364861.548937845,5345114.30709598
"52",1025,"Markich (Sainte-Marie-Aux-Marines)"," 10s'",364861.548937845,5345114.30709598
"53",1026,"Glashütte"," 10s'",374047.958677155,5343198.12437177
"54",1027,"Tannenkirch (Thannenkirch)"," 10s'",374047.958677155,5343198.12437177
"55",1028,"Rappoltsweiler (Ribeauvillé)"," 10s'",375512.157660455,5339169.53663486
"56",1029,"Zellenberg"," 10s'",375001.63980389,5336632.04535983
"57",1030,"Hunaweier (Hunawihr)"," 10s'",374875.739388194,5337777.90860622
"58",1141,"Engenthal"," 10n'",374865.874003339,5388237.26030277
"59",1142,"Wangenburg"," 10n'",375263.175088487,5386908.40953932
"60",1143,"Engental"," 10n'",374865.874003339,5388237.26030277
"61",875,"Griesheim (Griesheim-Près-Molsheim)"," 12o'",391582.555500486,5373179.19797177
"62",1238,"Ergersheim (wohnt seit '41 in Breitenau)"," 12o'",391415.068189606,5380636.78978333
"63",1239,"Ergersheim"," 12o'",391415.068189606,5380636.78978333
"64",1241,"Dachstein"," 12o'",391708.189439296,5379645.97710244
"65",1242,"Ernolsheim"," 12o'",394114.267217517,5380076.17607752
"66",1243,"Hangenbieten"," 12o'",397828.40880853,5379332.71654009
"67",1244,"Düppigheim und Duttlenheim (Duppigheim)"," 12o'",395875.98758655,5375962.6793391
"68",1245,"Duttlenheim"," 12o'",394117.297994971,5375596.22065375
"69",1246,"Altdorf (Altorf)"," 12o'",391303.682212014,5375351.69896257
"70",1247,"Bläsheim"," 12o'",397169.871578202,5373406.0792906
"71",1248,"Geispolsheim"," 12o'",399808.345082033,5374449.41119255
"72",1249,"Enzheim"," 12o'",399332.713704127,5376567.09786635
"73",1250,"Kolbsheim"," 12o'",395845.317043873,5379660.31924281
"74",1251,"Wolxheim"," 12o'",390138.797731281,5380619.26866301
"75",1257,"Wolfisheim"," 12o'",401621.088939103,5381939.31677256
"76",1259,"Holzheim"," 12o'",399931.201305454,5379125.99952743
"77",514,"Oberranspach (Ranspach-le-Haut)"," 11a''",380992.137683694,5270497.28314989
"78",515,"Obermichelbach (Michelbach-le-Haut)"," 11a''",383145.306641386,5269259.7129591
"79",516,"Attenschweiler (Attenschwiller)"," 11a''",384333.318023215,5269557.35649968
"80",517,"Volkensberg (Folgensbourg)"," 11a''",383176.427659944,5267618.10055478
"81",518,"Volkensberg (Folgensbourg)"," 11a''",383176.427659944,5267618.10055478
"82",519,"Wenzweiler (Wentzwiller)"," 11a''",385661.492528728,5267452.18969623
"83",520,"Oberhagental (Hagenthal-le-Haut)"," 11a''",384794.648331981,5264332.93189509
"84",521,"Niederhagental (Hagenthal-le-Bas)"," 11a''",385343.954232045,5264502.23914943
"85",522,"Mittelmüspach-Niedermüspach (Muespach)"," 11a''",378155.912990049,5267254.82594025
"86",523,"Buchsweiler (Bouxwiller)"," 11a''",375265.182961076,5262591.66397971
"87",525,"Werenzhausen (Werentzhouse)"," 11a''",376368.925885043,5263912.42528931
"88",526,"Fislis"," 11a''",378220.227359546,5262462.69566858
"89",527,"Steinsulz (Steinsoultz)"," 11a''",375320.478800309,5268218.58026501
"90",246,"Ostheim"," 11t'",378784.190792889,5334823.72505271
"91",247,"Munzenheim (Muntzenheim)"," 11t'",386332.198714481,5328763.52095462
"92",248,"Bischweier"," 11t'",383659.0629814,5328533.64679909
"93",249,"Holzweier"," 11t'",382794.793427085,5329756.55952371
"94",250,"Riedweier"," 11t'",384310.260288763,5331236.80820036
"95",251,"Wickerschweier"," 11t'",383775.308121379,5329380.77301001
"96",252,"Jebsheim"," 11t'",386715.17372503,5331068.6316695
"97",253,"Hausen bei Kolmar (Houssen)"," 11t'",379199.946969311,5331468.00944461
"98",254,"Elsenheim"," 11t'",388554.850019308,5335317.65917761
"99",255,"Fortschweier"," 11t'",384753.123473832,5327457.4714668
"100",256,"Grussenheim"," 11t'",387523.440050803,5333444.33187449
"101",264,"Dürrenenzen (Dürrenentzen)"," 11t'",388609.32443419,5327599.15620209
"102",312,"Munzenheim (Muntzenheim)"," 11t'",386332.198714481,5328763.52095462
"103",337,"Weier auf dem Land (Wihr-en-Plaine)"," 11t'",381676.225934818,5326901.94674695
"104",341,"Urschenheim"," 11t'",387277.560423642,5327073.70944663
"105",271,"Endingen"," 13t'",403525.066965962,5332885.28874043
"106",272,"Riegel"," 13t'",407080.117199966,5333789.22754722
"107",273,"Nimburg"," 13t'",409030.315272012,5328984.08115509
"108",274,"Bottingen"," 13t'",409419.79814886,5327151.33918334
"109",275,"Malterdingen"," 13t'",410316.383341923,5335122.79364466
"110",276,"Schelingen am Kaiserstuhl"," 13t'",401962.881705205,5328737.12117915
"111",277,"Eichstetten"," 13t'",406600.847859583,5327527.8787972
"112",278,"Köndringen"," 13t'",411166.69567165,5332452.48528254
"113",279,"Forchheim"," 13t'",403563.897661172,5335276.05828441
"114",280,"Bahlingen"," 13t'",406185.57605501,5330638.66383061
"115",281,"Teningen"," 13t'",410965.397302662,5331327.21051192
"116",282,"Amoltern"," 13t'",401504.031222032,5331455.50629675
"117",290,"Mundingen"," 13t'",413298.050921917,5332223.02191424
"118",292,"Landeck"," 13t'",413777.491908577,5333570.95785684
"119",1065,"Heimbach"," 13t'",412952.966597757,5335168.75974556
"120",1216,"Bergbieten"," 11o'",386313.291549195,5381505.76217337
"121",1217,"Bergbieten"," 11o'",386313.291549195,5381505.76217337
"122",1218,"Dangolsheim"," 11o'",386876.279341622,5381027.40443915
"123",1219,"Still"," 11o'",382276.332338076,5378609.61286138
"124",1220,"Dinsheim (Dinsheim-Sur-Bruche)"," 11o'",383920.763541613,5377798.25103241
"125",1221,"Mutzig"," 11o'",385620.543168407,5377399.91710213
"126",1222,"Molsheim"," 11o'",388593.15667273,5377463.86373529
"127",1223,"Dorlisheim"," 11o'",388168.191976328,5375729.84401449
"128",1224,"Heiligenberg"," 11o'",381275.227656963,5377347.34689971
"129",1225,"Gressweiler"," 11o'",384241.746904585,5377032.17291363
"130",1226,"Rosenweiler"," 11o'",384841.414700158,5373701.77808896
"131",1227,"Mollkirch"," 11o'",380737.270309722,5373973.7571358
"132",1230,"Flexburg"," 11o'",384318.178091874,5381080.44683345
"133",1231,"Sulzbad (soultz-Les-Bains)"," 11o'",388391.123383282,5380983.85673765
"134",1240,"Avolsheim"," 11o'",389359.802059664,5379807.21615364
"135",33,"Mackweiler (Mackwiller)"," 11m'",380776.15634388,5398248.3765615
"136",1075,"Zabern"," 11m'",379868.807896927,5399783.47893839
"137",1076,"Zabern"," 11m'",379868.807896927,5399783.47893839
"138",1077,"Zabern"," 11m'",379868.807896927,5399783.47893839
"139",1078,"Ottersweiler (Otterswiller)"," 11m'",380776.038126103,5398242.81885063
"140",1079,"Schweinheim (Schwenheim)"," 11m'",383273.994241188,5396767.96161211
"141",1080,"Furchhausen"," 11m'",385200.149410663,5397358.70836074
"142",1081,"Altenheim"," 11m'",387060.731415206,5397418.77564855
"143",1082,"Lupstein"," 11m'",388603.265133758,5399397.27835999
"144",1083,"Lupstein"," 11m'",388603.265133758,5399397.27835999
"145",1084,"Friedolsheim"," 11m'",388570.541253662,5396010.81365496
"146",1085,"Männolsheim"," 11m'",386876.447911815,5395212.95249545
"147",1086,"Wolschheim"," 11m'",386037.61528454,5395662.49760385
"148",1087,"Lochweiler"," 11m'",383455.694775891,5394922.6758421
"149",1088,"Kleingöft"," 11m'",385473.405954282,5394344.03072932
"150",1089,"Westhausen (Westhouse-Marmoutier)"," 11m'",385892.496069953,5393701.65372013
"151",1090,"Knörsheim"," 11m'",386682.467205485,5393115.19748056
"152",1091,"Landersheim"," 11m'",389355.136544631,5394110.47935875
"153",1092,"Tal bei Maursmünster (Marmoutier)"," 11m'",378750.361645341,5395715.19524628
"154",1093,"Maursmünster"," 11m'",380858.320317309,5394322.23764353
"155",1094,"Reutenburg"," 11m'",382709.075027775,5393681.6472937
"156",1095,"Dimbstal"," 11m'",379209.861773399,5392371.35969386
"157",1096,"Zehnacker"," 11m'",385949.857196198,5392066.96386122
"158",1098,"Waldolwisheim"," 11m'",385016.991145565,5398903.71297667
"159",1118,"Wilwisheim"," 11m'",390279.347236517,5400516.21698001
"160",1145,"Salental"," 11m'",380019.552284366,5391763.5087057
"161",1146,"Maursmünster (Marmoutier)"," 11m'",380858.320317309,5394322.23764353
"162",1147,"Singrist"," 11m'",381288.784716232,5392082.37986078
"163",1148,"Jettersweiler"," 11m'",383294.564309107,5392022.54730075
"164",36,"Wingen (Wingen-Sur-Moder)"," 11i'",381410.245452563,5419550.90305374
"165",37,"Reipertsweiler (Reipertswiller)"," 11i'",387482.588743578,5421049.55763671
"166",107,"Lichtenberg"," 11i'",388783.328143805,5419851.32986727
"167",1252,"Kehl"," 13o'",412586.013969595,5380800.13798952
"168",1253,"Marlen"," 13o'",413098.708248072,5374997.50731698
"169",1254,"Goldscheuer"," 13o'",412788.663775033,5374002.78375174
"170",1255,"Illkirch-Grafenstaden"," 13o'",404895.390645058,5375878.00004874
"171",1256,"Illkirch-Grafenstaden"," 13o'",404895.390645058,5375878.00004874
"172",1258,"Eckbolsheim"," 13o'",403177.164365225,5381524.31861227
"173",1183,"Wanzenau"," 13n'",413528.071248848,5390243.78641555
"174",1184,"Reichstett"," 13n'",408195.184446348,5389109.80187344
"175",1185,"Mundolsheim"," 13n'",405373.109861535,5388432.77916454
"176",1186,"Lamgertheim"," 13n'",404315.673972623,5389381.31155496
"177",1189,"Suffelweyersheim"," 13n'",407279.037627669,5387701.6693606
"178",1190,"Niederhausbergen"," 13n'",404224.742584596,5386377.47929546
"179",1191,"Mittelhausbergen"," 13n'",403648.90730003,5385378.84722153
"180",1192,"Straßburg"," 13n'",406790.189549552,5382120.49023166
"181",1193,"Kronenburg (Cronenbourg)"," 13n'",406516.091190362,5383250.21989074
"182",1194,"Schiltigheim"," 13n'",407747.535896432,5384408.46303294
"183",1195,"Straßburg-Bischheim"," 13n'",408057.049268124,5385390.71393944
"184",1196,"Hönheim"," 13n'",408268.792213809,5386078.82367802
"185",1197,"Straßburg-Oberhausbergen"," 13n'",403066.842556645,5384458.20760327
"186",1198,"Straßburg-Ruprechtsau"," 13n'",411590.103424764,5384801.53805679
"187",1208,"Auenheim"," 13n'",414189.58859086,5384212.07535032
"188",207,"Ohlungen"," 13l'",404583.154136243,5407357.07121224
"189",208,"Schweighausen (Schweighouse-Sur-Moder)"," 13l'",407158.011026326,5408385.56347303
"190",209,"Schweighausen (Schweighouse-Sur-Moder)"," 13l'",407158.011026326,5408385.56347303
"191",210,"Hagenau"," 13l'",411073.047004995,5407525.77925132
"192",212,"Gries"," 13l'",412812.481691172,5400634.92370456
"193",213,"Weitbruch"," 13l'",410023.183632751,5400776.88553751
"194",214,"Niederschäffolsheim"," 13l'",407304.09283002,5402889.32235666
"195",215,"Kriegsheim"," 13l'",406429.246838622,5401246.06508841
"196",216,"Rottelsheim"," 13l'",405512.182351381,5401226.99655719
"197",217,"Bernolsheim"," 13l'",403778.385664636,5401083.06603673
"198",218,"Wahlenheim"," 13l'",403378.962439054,5401922.75593594
"199",219,"Hochstett"," 13l'",402863.288831477,5403679.59352843
"200",220,"Batzendorf"," 13l'",404972.643251352,5404174.85641858
"201",221,"Wintershausen"," 13l'",404722.334360684,5405311.02488948
"202",225,"Kaltenhausen"," 13l'",414448.190712139,5404811.33443335
"203",229,"Hagenau"," 13l'",411073.047004995,5407525.77925132
"204",491,"Heimersdorf"," 10a''",367787.061549389,5270255.60502522
"205",494,"Grenzingen"," 10a''",372174.5264585,5269190.5386133
"206",495,"Largitzen"," 10a''",363641.193361797,5269171.24091442
"207",496,"Bisel"," 10a''",366056.054639596,5266105.40335473
"208",497,"Riespach"," 10a''",371033.085515006,5266745.06824112
"209",498,"Riespach"," 10a''",371033.085515006,5266745.06824112
"210",499,"Roppenzweiler (Roppenzwiller)"," 10a''",374480.880779034,5266624.3946491
"211",500,"Waldighofen"," 10a''",373299.477490766,5267728.38960931
"212",501,"Rüderbach (Ruederbach)"," 10a''",369729.197108795,5269011.09723898
"213",503,"Mooslargue"," 10a''",365842.11286446,5263311.64863769
"214",504,"Köstlach (K?stlach)"," 10a''",369788.817186092,5262867.76809819
"215",505,"Niedersept (Seppois-le-Bas)"," 10a''",362741.180204185,5266358.00913114
"216",507,"Mörnach (M?rnach)"," 10a''",368721.43336487,5262439.09096706
"217",508,"Altpfirt (Vieux-Ferrette)"," 10a''",372009.869405447,5262492.97777652
"218",509,"Altpfirt"," 10a''",372009.869405447,5262492.97777652
"219",510,"Altpfirt"," 10a''",372009.869405447,5262492.97777652
"220",524,"Dürmenach (Durmenach)"," 10a''",374849.865437537,5265081.03299925
"221",540,"Häsingen (Hésingue)"," 12a''",388781.596239689,5270272.47661592
"222",541,"Buschweiler (Buschwiller)"," 12a''",387903.588565915,5268466.00391335
"223",542,"Hegenheim (Hégenheim)"," 12a''",388925.472791475,5268582.10852707
"224",544,"Neuweiler (Neuwiller)"," 12a''",388232.020542477,5264508.57207578
"225",545,"Grenzach (Grenzach-Wyhlen)"," 12a''",399635.968045725,5267299.86088485
"226",546,"Burgfelden (Bourgfelden)"," 12a''",390737.666584984,5270480.10765234
"227",722,"Eichwald (Chalampé)"," 12x'",390682.703574785,5296929.89665734
"228",723,"Neuenburg (am Rhein)"," 12x'",392206.865811537,5296623.36242272
"229",724,"Hügelheim"," 12x'",396778.68853717,5298179.8445507
"230",726,"Zunzingen"," 12x'",399096.311712314,5297356.29383736
"231",727,"Niederweiler"," 12x'",398743.79692409,5295694.85326556
"232",728,"Müllheim"," 12x'",397369.249645689,5295893.60119953
"233",729,"Auggen"," 12x'",394556.206768349,5293670.61785923
"234",730,"Lipburg"," 12x'",399380.934019936,5293483.6406659
"235",731,"Mauchen"," 12x'",394647.271684606,5290848.45124079
"236",732,"Feldberg"," 12x'",398168.833705951,5292042.89608028
"237",733,"Obereggenen, Niedereggenen"," 12x'",398400.330105125,5290156.6838223
"238",734,"Schliengen"," 12x'",393294.682420884,5290139.42745031
"239",735,"Steinenstadt"," 12x'",391591.289381845,5291659.67529345
"240",738,"Banzenheim (Bantzenheim)"," 12x'",388774.250567675,5297883.49559115
"241",739,"Britzingen"," 12x'",400635.825807581,5297974.45089868
"242",257,"Marckolsheim"," 12s'",391878.325066051,5335939.85465293
"243",1038,"Mussig"," 12s'",390105.061573184,5342926.18098071
"244",1039,"Baldenheim"," 12s'",391536.917570006,5343724.88900793
"245",1040,"Bösenbiesen (Boesenbiesen)"," 12s'",393341.125501481,5342813.60404119
"246",1041,"Schwobsheim"," 12s'",394167.839008249,5343168.45028282
"247",1042,"Richtolsheim"," 12s'",395643.052015197,5342274.03285647
"248",1043,"Saasenheim"," 12s'",397276.29689375,5343239.47583988
"249",1044,"Schönau (Schoenau)"," 12s'",399520.95186313,5342014.29407212
"250",1045,"Artolsheim"," 12s'",394042.344134618,5340570.171391
"251",1046,"Hessenheim"," 12s'",392377.813101991,5340696.93292608
"252",1047,"Heidolsheim"," 12s'",389678.748809885,5339741.10757526
"253",1049,"Boozheim (Bootzheim)"," 12s'",393757.708086994,5338252.8206176
"254",1050,"Mackenheim"," 12s'",393411.478944098,5337786.73736406
"255",989,"Ebersmünster (Ebersmunster)"," 12r'",390349.098430533,5351967.75085877
"256",990,"Witternheim"," 12r'",397163.862013022,5352102.84616287
"257",991,"Diebolsheim"," 12r'",400733.899616564,5349415.51553381
"258",992,"Bindernheim"," 12r'",396670.171446976,5348766.25099954
"259",993,"Hilsenheim"," 12r'",393757.941750212,5349585.92575057
"260",994,"Müttersholz (Muttersholtz)"," 12r'",391152.022282955,5347061.16826502
"261",995,"Wittisheim"," 12r'",395329.94845189,5346543.68677536
"262",996,"Sundhausen (Sundhouse)"," 12r'",396318.2988754,5345170.28205568
"263",997,"Sundhausen (Sundhouse)"," 12r'",396318.2988754,5345170.28205568
"264",999,"Friesenheim"," 12r'",401416.88752646,5351578.35818574
"265",1131,"Herlisheim (Herrlisheim)"," 14m'",419588.203527234,5397991.9533515
"266",1132,"Offendorf"," 14m'",420091.949239669,5395973.50560477
"267",1133,"Grauelsbaum"," 14m'",425138.020648571,5398581.03706943
"268",1134,"Helmlingen"," 14m'",423903.011218159,5395689.25392679
"269",1135,"Scherzheim"," 14m'",426185.870883364,5396115.68441138
"270",1136,"Muckenschopf am Rhein"," 14m'",425531.731071173,5393891.90020838
"271",1137,"Memprechtshofen"," 14m'",425096.267900071,5392642.50941171
"272",1138,"Freistett"," 14m'",421652.975169179,5391472.10119735
"273",1139,"Gambsheim"," 14m'",417555.105482264,5393777.71276123
"274",1140,"Kilstett"," 14m'",415927.908519606,5391927.3354283
"275",222,"Sufflenheim"," 14l'",423617.684777081,5409056.86140217
"276",223,"Schirrhofen"," 14l'",420649.899160642,5406519.93486986
"277",224,"Schirrhein"," 14l'",419637.379909067,5405971.81956621
"278",226,"Oberhofen (Oberhoffen-Sur-Moder)"," 14l'",416496.785370333,5403954.28440858
"279",227,"Bischweiler"," 14l'",416167.426527336,5402322.59654519
"280",228,"Rohrwiller"," 14l'",419550.551550728,5400900.97744454
"281",230,"Falhünden (Dalhünden)"," 14l'",425671.177517214,5402789.80388343
"282",391,"Rufach (Rouffach)"," 10v'",372863.823928136,5313222.30079307
"283",392,"Osenbach"," 10v'",367114.497420374,5316304.4626235
"284",393,"Westhalten"," 10v'",370061.76019603,5313033.55297123
"285",394,"Winzfelden (Wintzfelden)"," 10v'",365519.214716751,5315028.26020562
"286",395,"Gundolsheim"," 10v'",372580.844705105,5309747.0681468
"287",396,"Schweighausen Kreis Gebweiler (Schweighouse bei Lautenbach)"," 10v'",363865.152021837,5311073.91185442
"288",397,"Bergholzzell, Orschweier (Bergholtzzell, Orschwihr)"," 10v'",368161.74302002,5309938.7475157
"289",398,"Orschweier (Orschwihr)"," 10v'",367980.659783563,5310287.60468323
"290",399,"Sulzmatt (Soultzmatt)"," 10v'",368207.426953668,5314024.21653966
"291",400,"Sulzmatt (Soultzmatt)"," 10v'",368207.426953668,5314024.21653966
"292",401,"Bühl Landkreis Gebweiler (Buhl)"," 10v'",364526.66513868,5309907.39611608
"293",402,"Pfaffenheim"," 10v'",372437.107771159,5316410.80081133
"294",403,"Pfaffenheim"," 10v'",372437.107771159,5316410.80081133
"295",404,"Dessenheim"," 11v'",387180.683845441,5314695.1334012
"296",405,"Bilzheim (Biltzheim)"," 11v'",379546.436147001,5312752.83475529
"297",406,"Oberenzen (Oberentzen)"," 11v'",378929.538564702,5311296.95932826
"298",407,"Niederenzen"," 11v'",379146.037107024,5311859.47857361
"299",408,"Niederhergheim"," 11v'",380464.007536726,5316008.22391584
"300",409,"Oberenzen"," 11v'",378929.538564702,5311296.95932826
"301",410,"Rüstenhart (Rustenhart)"," 11v'",385262.803582507,5310950.53541839
"302",411,"Oberhergheim"," 11v'",380152.651895319,5313709.75214093
"303",412,"Oberhergheim"," 11v'",380152.651895319,5313709.75214093
"304",977,"St Petersholz (Saint Pierre Bois)"," 11r'",378509.788637963,5353966.36912887
"305",978,"Tannweiler (Thanvillé)"," 11r'",377961.442912462,5353604.49023817
"306",980,"Dambach (Dambach-La-Ville)"," 11r'",383495.078272518,5353175.93336198
"307",981,"Diefental (Dieffenthal)"," 11r'",382974.193807774,5351936.80815235
"308",982,"Scherweiler (Scherwiller)"," 11r'",382781.924888551,5349444.46194092
"309",983,"Kestenholz (Châtenois)"," 11r'",381217.175862179,5347752.26984696
"310",984,"Kinzheim (Kintzheim)"," 11r'",380847.983253449,5345822.97088681
"311",985,"Schlettstadt (Sélestat)"," 11r'",385127.961560527,5346112.02786293
"312",986,"Schlettstadt (Sélestat)"," 11r'",385127.961560527,5346112.02786293
"313",987,"Schlettstadt (Sélestat)"," 11r'",385127.961560527,5346112.02786293
"314",988,"Ebersheim"," 11r'",388872.822507103,5351573.88250243
"315",867,"Bernhardsweiler ( Bernardvillé)"," 11q'",381506.236920954,5358335.38412454
"316",919,"Gertweiler (Gertwiller)"," 11q'",386628.460888771,5363127.71329285
"317",920,"Barr"," 11q'",385470.446769907,5362640.61406727
"318",921,"Barr"," 11q'",385470.446769907,5362640.61406727
"319",922,"Barr"," 11q'",385470.446769907,5362640.61406727
"320",923,"Mittelbergheim"," 11q'",384712.638518721,5361490.65492248
"321",924,"Eichhofen (Eichhoffen)"," 11q'",384697.369426211,5360156.63066553
"322",925,"Andlau"," 11q'",382836.22392415,5360452.73893806
"323",926,"Bernhardsweiler ( Bernardvillé)"," 11q'",381506.236920954,5358335.38412454
"324",927,"Reichsfeld"," 11q'",380479.790845048,5358253.49155019
"325",928,"Zellweiler (Zellwiller)"," 11q'",388812.790265051,5361607.81002009
"326",929,"Stotzheim"," 11q'",388070.543985255,5359453.05462186
"327",930,"St. Peter (Saint-Pierre)"," 11q'",386731.201813941,5359857.68925579
"328",931,"Epfig"," 11q'",386329.030234806,5357232.68313251
"329",932,"Epfig"," 11q'",386329.030234806,5357232.68313251
"330",933,"Ittersweiler (Itterswiller)"," 11q'",383875.595425402,5357930.59380467
"331",934,"Nothalten"," 11q'",382909.063636155,5356442.64111922
"332",935,"Blienschweiler (Blienschwiller)"," 11q'",382804.664274281,5355441.81561719
"333",1099,"Gingsheim"," 12m'",396208.996459261,5396896.14230397
"334",1100,"Schaffhausen bei Hochfelden (schaffhouse-sur-Zorn)"," 12m'",394268.255475184,5398705.96135801
"335",1101,"Mutzenhausen (Mutzenouse)"," 12m'",396206.055489265,5399637.12337097
"336",1102,"Waltenheim"," 12m'",399265.782530474,5400352.94597641
"337",1103,"Wingersheim"," 12m'",399512.293056697,5397450.85996703
"338",1104,"Hohatzenheim"," 12m'",398195.809298155,5396785.21943383
"339",1105,"Mittelhausen"," 12m'",399292.821614444,5396044.88957245
"340",1106,"Bilwisheim"," 12m'",401290.887315938,5395970.45290483
"341",1107,"Mittelschäffolsheim"," 12m'",400759.579950031,5395013.58407221
"342",1108,"Rumersheim"," 12m'",399577.498792202,5394147.31378009
"343",1109,"Gimbrett"," 12m'",397554.555641911,5394588.61655162
"344",1110,"Reitweiler"," 12m'",398077.236571345,5392361.93617157
"345",1111,"Berstett"," 12m'",401183.691400449,5392639.97922198
"346",1112,"Dunzenheim"," 12m'",392260.87926558,5396562.52345927
"347",1113,"Sässolsheim"," 12m'",390755.097271696,5396136.85905371
"348",1114,"Gugenheim"," 12m'",394483.787589766,5395304.9019947
"349",1115,"Rohr"," 12m'",393106.035953697,5394690.50004242
"350",1116,"Kienheim"," 12m'",395392.40787312,5393864.6076816
"351",1117,"Willgottheim"," 12m'",390425.030201104,5391932.27377434
"352",1119,"Ingenheim"," 12m'",391244.927751114,5399041.81135329
"353",1128,"Olwisheim"," 12m'",402508.484752196,5394599.31911314
"354",185,"Dauendorf"," 12l'",401296.224252921,5409401.16591601
"355",186,"Morschweiler"," 12l'",399206.565367194,5408324.32489014
"356",187,"Ettendorf"," 12l'",396056.210398828,5407717.09792036
"357",188,"Büsweiler (Buswiller)"," 12l'",394241.218565895,5408475.0452022
"358",189,"Schalkendorf"," 12l'",394297.04077611,5409795.00979247
"359",190,"Kirrweiler"," 12l'",392099.859251757,5407744.27570368
"360",191,"Dringendorf"," 12l'",393837.578808183,5407094.96084312
"361",192,"Hüttendorf"," 12l'",400324.310832689,5406358.39699148
"362",193,"Minversheim"," 12l'",398585.360197543,5404558.31388348
"363",194,"Alteckendorf"," 12l'",396798.592208552,5405366.02069948
"364",195,"Lixhausen"," 12l'",393310.398503878,5405602.72498739
"365",196,"Zöbersdorf"," 12l'",391699.621158092,5405583.650691
"366",197,"Zöbersdorf"," 12l'",391699.621158092,5405583.650691
"367",199,"Wickersheim"," 12l'",392132.795290876,5404387.68632741
"368",200,"Bossendorf"," 12l'",394203.695337233,5404162.43982474
"369",201,"Melsheim"," 12l'",391210.447162346,5401734.5718911
"370",202,"Melsheim"," 12l'",391210.447162346,5401734.5718911
"371",203,"Hochfelden"," 12l'",394903.398918062,5401468.32851292
"372",204,"Schwindratzheim"," 12l'",397088.769503907,5401288.74338168
"373",205,"Wittersheim"," 12l'",401570.313081085,5404202.55160374
"374",206,"Uhlweiler"," 12l'",402663.118508609,5408346.42946934
"375",860,"Rosheim"," 11p'",386899.10508169,5372587.16787625
"376",861,"Rosheim"," 11p'",386899.10508169,5372587.16787625
"377",862,"Rosheim"," 11p'",386899.10508169,5372587.16787625
"378",863,"Bischofsheim (Bischoffsheim)"," 11p'",388924.604182398,5371487.31295333
"379",864,"Börsch (Boersch)"," 11p'",384702.275440994,5370357.59648267
"380",865,"Börsch (Boersch)"," 11p'",384702.275440994,5370357.59648267
"381",866,"Oberehnheim (Obernai)"," 11p'",388007.695177745,5368782.26412204
"382",868,"Ottrott"," 11p'",384153.28417607,5368677.51695894
"383",869,"Ottrott"," 11p'",384153.28417607,5368677.51695894
"384",870,"St. Nabor (Sain-Nabor)"," 11p'",383472.656617811,5367050.23036378
"385",871,"Heiligenstein"," 11p'",385451.500776734,5363900.83045917
"386",872,"Burgheim (Bourgheim)"," 11p'",388325.566876364,5364012.46925444
"387",873,"Goxweiler (Goxwiller)"," 11p'",387887.722120024,5365524.44639043
"388",874,"Klingenthal"," 11p'",383051.626497305,5370015.64688292
"389",1144,"Birkenwald"," 11n'",378130.105101709,5390842.26442364
"390",1149,"Krastatt"," 11n'",384126.871260893,5390667.56806295
"391",1150,"Rangen"," 11n'",387984.943941385,5391484.46879249
"392",1151,"Hohengöft"," 11n'",387567.108736421,5390995.76066032
"393",1152,"Romansweiler"," 11n'",382753.786259492,5389154.80176322
"394",1153,"Wasselnheim (Wasselonne)"," 11n'",385606.333141196,5388287.60901649
"395",1154,"Wasselnheim (Wasselonne)"," 11n'",385606.333141196,5388287.60901649
"396",1155,"Wangen"," 11n'",386975.757093617,5386164.94552814
"397",1156,"Marlenheim, Kärchheim"," 11n'",388760.658568237,5386426.26797374
"398",1157,"Kirchheim"," 11n'",389155.792576301,5385153.05679591
"399",1158,"Odratzheim"," 11n'",388513.391446074,5384215.01615307
"400",1159,"Scharrachbergheim"," 11n'",389087.687054645,5383305.2106127
"401",1160,"Tränheim"," 11n'",386800.789882799,5383623.14946976
"402",1161,"Allenweiler"," 11n'",380545.227745506,5390435.65649347
"403",1163,"Koßweiler (Cosswiller)"," 11n'",382048.497009974,5387746.17519194
"404",1164,"Westhofen"," 11n'",385249.524872923,5384631.98409521
"405",1215,"Balbronn"," 11n'",384757.642286942,5382398.0406737
"406",1228,"Irmstett"," 11n'",387727.90696653,5382807.3078314
"407",1232,"Dahlenheim"," 11n'",389864.242007488,5382542.7385804
"408",169,"Buchsweiler (Bouxwiller)"," 11l'",388327.376406832,5409149.46844284
"409",170,"Buchsweiler (Bouxwiller)"," 11l'",388327.376406832,5409149.46844284
"410",171,"Riedheim"," 11l'",388371.931883658,5407520.59607807
"411",172,"Imbsheim"," 11l'",386474.391380919,5406559.11460134
"412",173,"Griesbach Le Bastberg"," 11l'",385266.473210791,5407907.09030423
"413",174,"Neuweiler (Neuwiller-Lès-Saverne)"," 11l'",382811.525661695,5409110.11978753
"414",175,"Dossenheim (Dossenheim-Sur-Zinsel)"," 11l'",382621.287916881,5407114.64791169
"415",176,"Hattmatt"," 11l'",384238.804424402,5405485.14308153
"416",177,"Ernolsheim (Ernoldsheim-Lès-Saverne)"," 11l'",381030.826479982,5405312.26662469
"417",178,"St. Johann (Saint-Jean-Saverne)"," 11l'",379542.420094449,5403107.76350497
"418",179,"Eckartsweiler"," 11l'",379270.484328014,5402905.66703978
"419",180,"Steinburg (Steinbourg)"," 11l'",383414.035305845,5403069.13991282
"420",181,"Rosenweiler-Dettweiler"," 11l'",386165.627638315,5402792.31617251
"421",182,"Dettweiler"," 11l'",387312.195136167,5401250.1151413
"422",183,"Gottesheim"," 11l'",388281.617538822,5403660.40792485
"423",184,"Gottesheim-Prinzheim"," 11l'",388302.914786822,5405352.45079381
"424",198,"Bosselshausen"," 11l'",390509.752518825,5406875.60328422
"425",1074,"Otterstal"," 11l'",378607.997633878,5401611.09168557
"426",18,"Völlerdingen (Voellerdingen)"," 12n'",392891.249355793,5390104.47202838
"427",1120,"Schnersheim"," 12n'",394546.237697966,5390437.88473647
"428",1165,"Winzenheim (Wintzenheim-Kochersberg)"," 12n'",390622.865967791,5390631.86987041
"429",1166,"Ittlenheim"," 12n'",392891.249355793,5390104.47202838
"430",1168,"Truchtersheim"," 12n'",397445.445504122,5390951.29687321
"431",1169,"Pfettisheim"," 12n'",400096.60420029,5390595.52883292
"432",1170,"Wiwersheim"," 12n'",397409.325762719,5388366.75629932
"433",1171,"Offenheim"," 12n'",398203.570802129,5387463.90728816
"434",1172,"Stutzheim-Offenheim"," 12n'",398203.570802129,5387463.90728816
"435",1173,"Küttolsheim"," 12n'",391379.941685435,5388868.07916411
"436",1174,"Nordheim"," 12n'",390229.710831999,5388001.96642514
"437",1175,"Fessenheim (Fessenheim-le-Bas)"," 12n'",392365.004166129,5387706.05317803
"438",1176,"Dossenheim-Kochersberg"," 12n'",394898.790528561,5388215.20330306
"439",1177,"Quatzenheim"," 12n'",394901.539033717,5386903.07891126
"440",1178,"Hürtigheim"," 12n'",396350.182858312,5385635.30228639
"441",1179,"Fürdenheim"," 12n'",394141.694160414,5385459.58879633
"442",1180,"Ittenheim"," 12n'",396454.86796428,5384392.48183721
"443",1181,"Ittenheim"," 12n'",396454.86796428,5384392.48183721
"444",1182,"Kleinfrankenheim"," 12n'",395491.84196685,5390820.51110816
"445",1187,"Pfulgriesheim"," 12n'",402078.617982901,5388600.38259147
"446",1188,"Dingsheim, Griesheim"," 12n'",401839.525758911,5387144.64970369
"447",1233,"Osthofen"," 12n'",393564.959065217,5382486.05136873
"448",1234,"Fürdenheim"," 12n'",394141.694160414,5385459.58879633
"449",1237,"Oberschäffolsheim"," 12n'",400618.552674561,5382400.55277494
"450",895,"Hohnhurst"," 14p'",415914.68927909,5371616.20200385
"451",896,"Weier"," 14p'",420043.158403939,5372232.23711392
"452",897,"Bühl"," 14p'",421128.218808615,5371836.77054754
"453",898,"Bohlsbach"," 14p'",422273.13444696,5371591.88969046
"454",899,"Rammersweier"," 14p'",423612.028539969,5370656.45483057
"455",900,"Waltersweier"," 14p'",420109.828013382,5370832.70984687
"456",901,"Offenburg"," 14p'",422000.563112845,5369295.45242184
"457",902,"Zell-Weierbach (Weierbach)"," 14p'",424741.382430613,5369495.11786305
"458",903,"Fessenbach"," 14p'",424571.520214158,5368453.46977749
"459",904,"Ortenberg"," 14p'",423876.044634838,5367043.10902192
"460",905,"Waltersweier"," 14p'",420109.828013382,5370832.70984687
"461",906,"Ohlsbach"," 14p'",425493.550787579,5364805.93542329
"462",907,"Zunsweier"," 14p'",422040.167721407,5363740.68462843
"463",908,"Hofweier"," 14p'",419209.654847475,5363994.9033076
"464",910,"Schutterwald"," 14p'",417690.499405329,5367302.00185027
"465",959,"Niederschopfheim"," 14p'",417943.33767767,5363262.67175841
"466",1199,"Rheinbischofsheim"," 14n'",421128.160149037,5389650.56536323
"467",1200,"Diersheim"," 14n'",418050.182582035,5388911.90242643
"468",1201,"Diersheim"," 14n'",418050.182582035,5388911.90242643
"469",1202,"Honau"," 14n'",416853.252214201,5388080.06461397
"470",1203,"Leutesheim"," 14n'",415707.581602487,5386316.01444911
"471",1204,"Linx"," 14n'",418727.928190784,5386565.0830752
"472",1205,"Holzhausen"," 14n'",420430.094068579,5386438.4653232
"473",1206,"Wagshurst"," 14n'",425928.539433016,5385740.80132485
"474",1207,"Zierolshofen"," 14n'",419180.319427668,5384502.87992654
"475",1209,"Bodersweier"," 14n'",417031.174025937,5383654.72043972
"476",1210,"Querbach"," 14n'",416490.700429878,5382414.16862229
"477",842,"Rütte (bei Todtmoos; es gibt auch noch eines bei Herreschrie und eines bei Todtnauberg)"," 15x'",426062.727975515,5290253.82390436
"478",770,"Reinigen"," 10y'",367471.466030509,5289929.30608795
"479",771,"Niedermorschweiler (Morschwiller-Le-Bas)"," 10y'",370068.84553802,5288408.36738147
"480",772,"Didenheim"," 10y'",372719.844251917,5286295.94673931
"481",773,"Hochstatt"," 10y'",371011.165665963,5284465.65456829
"482",774,"Zillisheim"," 10y'",372054.550557507,5283684.2731996
"483",775,"Flachslanden (Flaxlanden)"," 10y'",373141.670773319,5283999.56532678
"484",776,"Illfurt (Illfurth)"," 10y'",369752.723954387,5281162.45306538
"485",777,"Illfurt (Illfurth)"," 10y'",369752.723954387,5281162.45306538
"486",778,"Ober- und Niederspechbach (Spechbach-Le-Haut)"," 10y'",366097.429604459,5282371.85060335
"487",779,"Frönigen"," 10y'",370031.628957084,5283324.4282244
"488",780,"Galfingen (Galfingue)"," 10y'",366829.231325729,5285109.30011647
"489",782,"Enschingen (Saint-Bernard)"," 10y'",365098.624512878,5281299.67632923
"490",783,"Bernweiler (Bernwiller)"," 10y'",364455.687288051,5283520.7328107
"491",784,"Heimsbrunn"," 10y'",367044.446549404,5287460.5629076
"492",785,"Brunnstatt (Brunstatt)"," 10y'",373817.449408808,5286668.93386391
"493",703,"Uffholz"," 10x'",363619.610809515,5297880.28834524
"494",704,"Sennheim (Cerany)"," 10x'",363616.471091637,5296698.32205628
"495",705,"Wittelsheim"," 10x'",368280.930455451,5296733.73012294
"496",706,"Wittelsheim"," 10x'",368280.930455451,5296733.73012294
"497",707,"Staffelfelden"," 10x'",369399.90200224,5298488.58692261
"498",709,"Lutterbach"," 10x'",371232.994927329,5291111.04465755
"499",713,"Wittenheim"," 10x'",375715.940727258,5296611.54943685
"500",714,"Kingersheim"," 10x'",375356.72389715,5294328.78188852
"501",1167,"Neugartheim und Ittlenheim"," 10x'",371233.09365825,5291115.49011501
"502",760,"Obersulzbach Kreis Tann (Soppe-Le-Haut)"," 9y'",354337.281638082,5288532.85479932
"503",761,"Niedersulzbach (soppe-Le-Bas)"," 9y'",356806.517535832,5286598.75000311
"504",762,"Oberburnhaupt (Burnhaupt-Le-Haut)"," 9y'",361270.026218206,5287822.54685372
"505",763,"Niederburnhaupt (Burnhaupt-Le-Bas)"," 9y'",362026.076263291,5286456.80663261
"506",764,"Bretten Landkreis Altkirch"," 9y'",355319.543460372,5284717.35575957
"507",765,"St Kosman (Saint-Cosme)"," 9y'",354590.176822919,5282929.61969288
"508",766,"Gildweiler (Gildwiller), Falkweiler, Hecken"," 9y'",360019.399678969,5283464.65265274
"509",767,"Diefmatten Kreis Altkirch"," 9y'",358463.200043167,5285601.80433095
"510",768,"Morzweiler (Mortzwiller)"," 9y'",353151.378834834,5289074.29137072
"511",781,"Balschweiler bei Altkirch"," 9y'",362475.462928334,5280995.27748924
"512",844,"Brückensweiler (Bréchaumont)"," 9y'",354996.600179651,5281400.43659218
"513",845,"Niedertraubach (traubach-Le-Haute)"," 9y'",356742.982595064,5281279.31647277
"514",313,"Wettolsheim"," 10u'",373808.607209036,5324504.44725003
"515",314,"Geberschweiher (Gueberschwihr)"," 10u'",371455.892349983,5318230.68719117
"516",315,"Hattstatt"," 10u'",373227.975391613,5318898.53461117
"517",316,"Häusern"," 10u'",371827.701768402,5321315.86630125
"518",317,"Walbach"," 10u'",367692.817990604,5324780.11794654
"519",318,"Weier (Wihr-Au-Val)"," 10u'",366281.646249937,5323656.3414582
"520",319,"Herlisheim (Herrlisheim)"," 10u'",375417.013642615,5319514.4914019
"521",320,"Sulzbach (Soultzbach-Les-Bains)"," 10u'",366070.460386373,5322082.20508281
"522",321,"Obermorschweier"," 10u'",373260.624302885,5319668.39660994
"523",322,"Vöklinshofen (Voegtlinshoffen)"," 10u'",371913.218431913,5319899.54014974
"524",323,"Egisheim"," 10u'",373630.892087927,5322323.36517382
"525",324,"Zimmerbach"," 10u'",368715.936426166,5325873.05903983
"526",233,"Kaysersberg"," 10t'",370680.310051967,5333158.66858765
"527",234,"Reichenweier (Riquewhir)"," 10t'",373577.647700273,5336112.93643195
"528",235,"Bebelnheim (Beblenheim)"," 10t'",375261.009225792,5335224.18735161
"529",236,"Türkheim (Turckheim)"," 10t'",371825.280553393,5327313.89629302
"530",237,"Katzenthal"," 10t'",372335.662434711,5329722.16597938
"531",238,"Niedermorschweiher"," 10t'",371644.474345626,5328821.33971211
"532",239,"Kientzheim"," 10t'",372553.656105096,5332889.78904875
"533",240,"Bennweier"," 10t'",375343.151343667,5333770.17058172
"534",241,"Sigolsheim"," 10t'",373775.528048467,5332437.93116611
"535",242,"Ingersheim"," 10t'",373958.994258015,5328089.43347195
"536",243,"Zell (Labaroche)"," 10t'",365466.016736553,5330198.55872026
"537",244,"Ammerschweier"," 10t'",372367.339530999,5331577.35426328
"538",245,"Mittelweier"," 10t'",375114.688921384,5334315.56880283
"539",333,"Logelbach"," 10t'",374139.722275299,5327295.96945851
"540",572,"Helfrantskirch (Helfrantzkirch)"," 10t'",371825.280553393,5327313.89629302
"541",531,"Oltingen (Oltingue)"," 11b''",379030.137399655,5260714.82344926
"542",532,"Oltingen (Oltingue)"," 11b''",379030.137399655,5260714.82344926
"543",533,"Liebenzweiler (Liebenswiller)"," 11b''",383881.085864796,5261749.47062649
"544",534,"Leimen (Leymen)"," 11b''",385678.931311905,5261334.96322437
"545",535,"Rädersdorf (Raedersdorf)"," 11b''",376918.236548769,5259230.11046182
"546",536,"Lutter"," 11b''",377988.825998579,5258334.94474088
"547",537,"Wolschweiler (Wolschwiller)"," 11b''",379994.668724283,5257695.37002083
"548",538,"Biedertal (Biederthal)"," 11b''",383039.423939268,5258538.77413176
"549",539,"Kiffis"," 11b''",376233.307208213,5255423.25428669
"550",528,"Berenzweiler (Berentzwiller)"," 11z'",378432.738896297,5271509.54122759
"551",529,"Niederranspach (Ranspach-le-Bas)"," 11z'",383255.778238908,5271734.5593765
"552",561,"Obersteinbrunn (Steinbrunn-le-Haut)"," 11z'",375861.16064123,5279671.29115033
"553",563,"Waltenheim"," 11z'",381875.256556871,5279392.66419799
"554",564,"Uffheim"," 11z'",383062.82281487,5278643.78366902
"555",565,"Sierenz (Sierentz)"," 11z'",384053.784697243,5278910.80230669
"556",566,"Wahlbach"," 11z'",375951.507382107,5276648.46256879
"557",567,"Niedermagstatt (Magstatt-le-Bas)"," 11z'",380686.56272369,5277433.43189297
"558",568,"Stetten"," 11z'",381999.085343709,5275939.10218356
"559",569,"Bartenheim"," 11z'",385596.121368611,5276736.76378754
"560",570,"Franken"," 11z'",376332.338234236,5273095.80884158
"561",571,"Jettingen"," 11z'",377371.8880832,5272679.15317024
"562",573,"Niedermichelbach (Michelbach-le-Bas)"," 11z'",384555.554022727,5272194.53818008
"563",574,"Niedermichelbach (Michelbach-le-Bas)"," 11z'",384555.554022727,5272194.53818008
"564",575,"Kappeln (Kappelen)"," 11z'",382896.984728696,5275214.99258408
"565",576,"Brinkheim (Brinckheim)"," 11z'",384222.724246863,5275921.16791248
"566",577,"Rantsweiler (Rantzwiller)"," 11z'",378043.127242727,5278945.81624187
"567",578,"Kötzingen (K?tzingue)"," 11z'",379395.092170957,5278750.86920805
"568",579,"Kötzingen (K?tzingue)"," 11z'",379395.092170957,5278750.86920805
"569",580,"Zässingen (Zaessingue)"," 11z'",377349.034309843,5275773.86826149
"570",594,"Boltzheim (Blotzheim)"," 11z'",386956.047251659,5273081.39887184
"571",595,"Boltzheim (Blotzheim)"," 11z'",386956.047251659,5273081.39887184
"572",596,"Boltzheim (Blotzheim)"," 11z'",386956.047251659,5273081.39887184
"573",859,"Menglatt (Magny)"," 11z'",381018.625891856,5273859.94948252
"574",972,"Neukirch (Neuve-Église)"," 10r'",374989.145786759,5354211.73534821
"575",973,"Diefenbach (Dieffenbach-Au-Val)"," 10r'",376014.982229777,5352695.85481543
"576",974,"Wanzel (La Vancelle)"," 10r'",374036.562167936,5349266.54245838
"577",975,"Leberau (Lièpvre)"," 10r'",372496.44689122,5347837.42124067
"578",976,"St Moritz (Saint-Maurice)"," 10r'",376632.605089692,5353950.09079866
"579",979,"Gereut (Neubois)"," 10r'",376861.485102079,5351677.78464223
"580",1023,"klein Leberau (Lièpvre)"," 10r'",372496.44689122,5347837.42124067
"581",562,"Geispitzen"," 11y'",381562.063439891,5280538.64028137
"582",786,"Rixheim"," 11y'",379864.018238386,5289104.57938155
"583",787,"Napoleoninsel Rixheim"," 11y'",379864.018238386,5289104.57938155
"584",788,"Habsheim"," 11y'",381273.32155267,5287354.45023805
"585",789,"Zimmersheim"," 11y'",379173.607559313,5286451.59732648
"586",790,"Brubach Landkreis Mülhausen"," 11y'",376932.07194162,5284341.67003752
"587",791,"Dietenweiler (Dietwiller)"," 11y'",380164.083779572,5283401.322599
"588",792,"Schlierbach"," 11y'",380414.256549598,5282279.89397229
"589",793,"Landser"," 11y'",379627.6122882,5282688.6048049
"590",794,"Niedersteinbrunn (Steinbrunn-Le-Bas)"," 11y'",377349.066580208,5281159.63140687
"591",795,"Mülhausen-Riedisheim"," 11y'",377700.887503642,5289765.7477755
"592",796,"Eschenzweiler (Eschentzwiller)"," 11y'",379845.767431473,5285577.08593446
"593",806,"Kembs-Neuweg"," 11y'",387733.714028431,5282674.27392112
"594",807,"Kembs"," 11y'",387733.714028431,5282674.27392112
"595",808,"Kembs"," 11y'",387733.714028431,5282674.27392112
"596",485,"Ensisheim"," 11w'",376921.930274095,5302631.10094238
"597",486,"Münchhausen (Munchhausen)"," 11w'",384289.675363713,5302840.17508507
"598",487,"Roggenhausen"," 11w'",385403.911445838,5305078.31926886
"599",488,"Hirzfelden"," 11w'",383974.222048779,5307391.72654167
"600",489,"Meienheim (Meyenheim)"," 11w'",377398.752841512,5307746.78757434
"601",490,"Regisheim (Réguisheim)"," 11w'",376905.517714078,5306211.75264893
"602",120,"Offweiler"," 12k'",393238.531221175,5418497.54036902
"603",121,"Rotbach"," 12k'",392193.469954579,5418013.93586974
"604",122,"Bischholz"," 12k'",392981.263152089,5416589.84668453
"605",123,"Mühlhausen"," 12k'",393893.039112546,5415377.02570952
"606",124,"Uhrweiler (Uhrwiller)"," 12k'",395807.253071184,5414911.69815021
"607",125,"Engweiler"," 12k'",398466.805358281,5415605.41694267
"608",126,"Gumbrechtshofen"," 12k'",399745.701948134,5417846.19774111
"609",127,"Gundershofen"," 12k'",401748.31244449,5417930.60352703
"610",128,"Mietesheim"," 12k'",400165.462211534,5414803.04562075
"611",129,"Bitschhofen"," 12k'",398715.751489186,5412676.4562131
"612",130,"Überach (Uberach)"," 12k'",399350.005036072,5411515.22884471
"613",131,"Niedermodern"," 12k'",399227.692326948,5411162.72613528
"614",132,"Pfaffenhofen"," 12k'",397929.221218166,5411071.78781577
"615",133,"Kindweiler"," 12k'",397122.491339879,5413093.68086511
"616",134,"Zutzendorf"," 12k'",393615.261469617,5412270.98897606
"617",135,"Schillersdorf"," 12k'",391861.665657817,5414399.69534831
"618",136,"Obermodern"," 12k'",392831.86357174,5411216.24976876
"619",137,"Pfaffenhofen -Volksberg"," 12k'",397929.221218166,5411071.78781577
"620",211,"Walk (La Walck)"," 12k'",397999.11993752,5411483.04376612
"621",1,"Dambach"," 12h'",399932.10876882,5428642.20564393
"622",421,"Biengen"," 13v'",402133.772299211,5310323.5409635
"623",422,"Biengen"," 13v'",402133.772299211,5310323.5409635
"624",423,"Wittnau"," 13v'",411439.130139317,5311046.80710366
"625",424,"Offnadingen"," 13v'",403812.654294625,5309805.00111052
"626",425,"Kirchhofen"," 13v'",406130.791270422,5308149.23875882
"627",426,"Norsingen"," 13v'",404914.973881596,5310234.73330903
"628",427,"Pfaffenweiler"," 13v'",406983.014545993,5310530.04762473
"629",428,"Wolfenweiler"," 13v'",407579.775817871,5312852.81032465
"630",429,"Schallstadt"," 13v'",407744.079517789,5312482.19949736
"631",430,"Ebringen"," 13v'",408905.473603234,5312309.18369763
"632",431,"Au"," 13v'",412633.240067939,5312169.15984733
"633",432,"Merzhausen"," 13v'",412317.812829789,5313227.83087703
"634",433,"St. Georgen"," 13v'",410868.225128458,5314694.18253522
"635",434,"Haslach"," 13v'",412083.937310457,5315804.95870251
"636",435,"Tiengen"," 13v'",404186.43316702,5315115.06622507
"637",437,"Munzingen"," 13v'",402880.781175452,5313643.88841573
"638",438,"Mengen"," 13v'",403988.138313592,5312489.12252404
"639",440,"Bollschweil"," 13v'",408796.68296677,5308123.13392085
"640",441,"Bollschweil"," 13v'",408796.68296677,5308123.13392085
"641",442,"Sölden"," 13v'",411092.590585111,5309546.92030003
"642",667,"Bad Krozingen"," 13v'",403122.140856019,5308014.45340765
"643",1051,"Niederhausen"," 13s'",404454.899150714,5343756.1947199
"644",1052,"Oberhausen"," 13s'",404230.635338511,5342297.95859341
"645",1053,"Weisweil"," 13s'",401627.658072731,5339111.36877535
"646",1054,"Ringsheim"," 13s'",409458.750240941,5344397.18816678
"647",1055,"Ettenheimweiler"," 13s'",412386.699519668,5343288.61380688
"648",1056,"Broggingen"," 13s'",413040.337677422,5341295.27378128
"649",1057,"Tutschfelden"," 13s'",411348.797717406,5340923.29804076
"650",1058,"Herbolzheim a. d. Bleich"," 13s'",409195.360788276,5341752.05912466
"651",1059,"Wagenstadt"," 13s'",410583.615575669,5340076.96797513
"652",1060,"Bleichheim"," 13s'",413120.621177193,5340126.73242456
"653",1061,"Nordweil"," 13s'",411850.665652588,5338538.6309058
"654",1062,"Bombach"," 13s'",412048.968280859,5336837.95886951
"655",1063,"Kenzingen"," 13s'",408594.728048533,5338480.85932546
"656",1064,"Hecklingen"," 13s'",408349.468473918,5335887.7382287
"657",2,"Wengelsbach"," 13h'",406198.170492712,5433923.45893055
"658",3,"Obersteinbach"," 13h'",404518.590226358,5432223.05943372
"659",4,"Niedersteinbach"," 13h'",406069.201624757,5431530.52366197
"660",5,"Wingen"," 13h'",413539.511341058,5431020.98394624
"661",6,"Lembach"," 13h'",411468.459971097,5428941.03443273
"662",296,"Freiamt-Mußbach (Mussbach)"," 14s'",417164.272973757,5336214.56174875
"663",1021,"Münchweier"," 14s'",415283.247930648,5344443.29067332
"664",1066,"Ettenheimmünster"," 14s'",416855.466937449,5343750.88875565
"665",1067,"Dörlinbach"," 14s'",422335.724041365,5344398.43454013
"666",1068,"Schweighausen"," 14s'",423345.342471757,5341290.95113888
"667",1069,"Ottoschwanden"," 14s'",418008.4202677,5337574.22729173
"668",1070,"Freiamt"," 14s'",418684.098602729,5336733.02104074
"669",1071,"Oberspitzenbach"," 14s'",424810.312531668,5336378.99782618
"670",670,"Obermünstertal-Neuhof"," 14w'",414801.080540496,5300228.57938828
"671",671,"Wieden"," 14w'",416303.024745379,5299310.65614389
"672",672,"Aftersteg (bei Todtnau)"," 14w'",419818.689427223,5299406.46091907
"673",673,"Todtnauberg"," 14w'",420952.008045701,5300251.2488
"674",674,"Muggenbrunn"," 14w'",419009.238880122,5300974.02126659
"675",675,"Sankt Wilhelm"," 14w'",421432.059387605,5305176.96625735
"676",676,"Hofsgrund"," 14w'",417622.604769293,5305880.39213858
"677",679,"Obermünstertal-Stohren"," 14w'",415927.193802772,5305108.90079606
"678",680,"Brandenberg"," 14w'",423209.454751416,5299128.11057458
"679",381,"Krüt (Kruth)"," 8v'",348089.909331976,5310423.95611396
"680",382,"Wildenstein bei Krüt, Kreis Tann"," 8v'",347994.741083538,5316244.13693525
"681",15,"Hinsingen"," 8i'",352962.094150253,5424119.40467883
"682",16,"Altweiler (Altwiller)"," 8i'",352139.351121064,5421664.05992579
"683",506,"Dürlinsdorf (Durlinsdorf)"," 10b''",367504.325113481,5260596.33827164
"684",511,"Bendorf"," 10b''",370552.566477346,5260781.64308631
"685",512,"Lüxdorf (Ligsdorf)"," 10b''",372587.245475153,5259042.55347262
"686",513,"Winkel"," 10b''",369120.196189731,5257828.1297024
"687",530,"Sondersdorf"," 10b''",374569.380651024,5260110.48244611
"688",587,"Wollbach"," 12y'",398947.942484333,5280560.83626275
"689",797,"Kleinlandau (Petit-Landau)"," 12y'",389087.068389801,5287382.22217149
"690",798,"Bellingen (Bad Bellingen)"," 12y'",391824.238657513,5287510.67048035
"691",799,"Liel"," 12y'",395342.049924605,5288266.63612569
"692",800,"Feuerbach"," 12y'",398185.492264962,5287910.3263136
"693",801,"Riedlingen"," 12y'",397665.795577911,5285613.75784525
"694",802,"Tannenkirch"," 12y'",395758.253238595,5285132.95232918
"695",803,"Hertingen"," 12y'",393841.284816128,5286495.09265609
"696",804,"Bamlach"," 12y'",391204.980713553,5285924.64323521
"697",805,"Rheinweiler"," 12y'",389975.909694587,5285125.09167374
"698",809,"Niffer"," 12y'",388167.941342312,5285537.62395765
"699",810,"Blansingen"," 12y'",390549.916096873,5283051.93056084
"700",811,"Welmlingen"," 12y'",392114.343800969,5282734.73932389
"701",812,"Mappach"," 12y'",394769.121341079,5281723.31575113
"702",813,"Holzen"," 12y'",397036.084584904,5283355.86620199
"703",814,"Kandern"," 12y'",399660.746345815,5285442.20835337
"704",815,"Wintersweiler"," 12y'",392475.468953693,5281032.63789199
"705",816,"Huttingen"," 12y'",391133.189707559,5280968.66814082
"706",817,"Kleinkems"," 12y'",389151.502540749,5283013.94912344
"707",258,"Kiechlinsbergen"," 12t'",399767.681993787,5331036.48314386
"708",259,"Leiselheim"," 12t'",398478.172648882,5331189.28515388
"709",260,"Burkheim am Kaiserstuhl"," 12t'",395730.874433542,5328579.20692344
"710",261,"Oberbergen"," 12t'",399933.648977404,5328051.76837148
"711",262,"Bischoffingen"," 12t'",397670.562590379,5329023.4212618
"712",263,"Wyhl am Kaiserstuhl"," 12t'",399571.339675202,5335666.10640935
"713",265,"Balzenheim (Baltzenheim)"," 12t'",392497.309687144,5327666.11393627
"714",266,"Arzenheim (Artzenheim)"," 12t'",391529.896735124,5330230.45263733
"715",267,"Königschaffhausen am Kaiserstuhl"," 12t'",399975.039575494,5331997.89021972
"716",268,"Sasbach"," 12t'",396860.186809837,5332565.72045188
"717",269,"Oberrotweil"," 12t'",398392.260780396,5327141.65085892
"718",270,"Jechtingen am Kaierstuhl"," 12t'",396524.265502534,5330367.06329454
"719",876,"Innenheim"," 12p'",394614.261955274,5372462.47416866
"720",877,"Lipsheim"," 12p'",401712.546738879,5371934.28402025
"721",878,"Krautergersheim"," 12p'",393987.587898601,5370215.9234711
"722",879,"Meistratzheim"," 12p'",392333.006771399,5367183.87848546
"723",880,"Niederehnheim (Niedernai)"," 12p'",390396.518322012,5367722.52077575
"724",881,"Walf (Valff))"," 12p'",390552.722066363,5364208.07097061
"725",882,"Bolsenheim"," 12p'",397150.708827703,5363931.01600115
"726",883,"Schäfersheim (Schaeffersheim)"," 12p'",397907.60911768,5364863.52330367
"727",884,"Erstein"," 12p'",401077.514415342,5363968.94601663
"728",885,"Limersheim"," 12p'",399886.478890323,5367720.13694051
"729",890,"Hipsheim"," 12p'",401871.908766251,5369065.16376966
"730",65,"Kühlendorf (Kuhlendorf) und Hohweiler"," 14k'",421095.847292637,5418463.48208837
"731",150,"Kühlendorf (Kuhlendorf)"," 14k'",421095.847292637,5418463.48208837
"732",151,"Reimersweiler"," 14k'",418245.162594865,5418462.35212383
"733",152,"Surburg"," 14k'",415671.360926071,5418069.33006099
"734",153,"Schwabweiler"," 14k'",417675.090191159,5417177.67021208
"735",154,"Oberbetschdorf"," 14k'",419242.905968439,5416768.91532883
"736",155,"Betschdorf"," 14k'",420578.597703617,5416775.28863453
"737",156,"Niederbetschdorf"," 14k'",420621.315498531,5416737.98945267
"738",157,"Rittershofen"," 14k'",423481.171630013,5417132.70265829
"739",158,"Hatten"," 14k'",425085.068544022,5417035.30157481
"740",846,"Büttweiler (Buethwiller)"," 9z'",361072.804781423,5279755.40164884
"741",847,"Hagenbach"," 9z'",361605.102959845,5279076.64877711
"742",848,"Gommersdorf"," 9z'",359787.822381679,5278309.51213413
"743",849,"Dammerkirch (Dannemarie)"," 9z'",358868.744867713,5276913.9385239
"744",850,"Wolfersdorf"," 9z'",358268.990509855,5277596.80953483
"745",851,"Retzweiler"," 9z'",356747.824731759,5277019.09673559
"746",852,"Gottestal, Luttern (Valdieu-Lutran)"," 9z'",354148.199010534,5277158.12753732
"747",853,"Schaffnatt am Weier (Chavannes-Sur-L'Étang)"," 9z'",351634.240312944,5277265.00222655
"748",854,"Mansbach (Manspach)"," 9z'",357608.400140424,5275539.05563503
"749",855,"Altenach"," 9z'",358298.479477571,5274296.82360276
"750",856,"St. Ulrich bei Dammerkirch"," 9z'",358602.717419757,5273042.90477252
"751",857,"Füllern (Fulleren)"," 9z'",360619.289510877,5272917.62892098
"752",858,"Ballersdorf"," 9z'",361935.001434041,5276257.77631294
"753",459,"Ranspach"," 9w'",351300.792255279,5304967.60330281
"754",461,"Malmerspach"," 9w'",353030.550869379,5303149.52528072
"755",462,"Weiler"," 9w'",355653.110581023,5300709.14070391
"756",463,"St. Amarin"," 9w'",352830.341804987,5304132.14990301
"757",464,"Moosch"," 9w'",354049.727347358,5302673.29171586
"758",465,"Goldbach-Altenbach"," 9w'",358168.988209367,5303991.88287188
"759",466,"Rimbach bei Gebweiler (Rimbach-près-Guebwiller)"," 9w'",362238.814433688,5307367.28561387
"760",467,"Geishausen"," 9w'",354827.059945889,5304806.67772925
"761",17,"Örmingen (Oermingen)"," 9h'",363141.498328134,5429211.61838325
"762",231,"Silzheim (Siltzheim)"," 9h'",360525.628716431,5436059.39343292
"763",232,"Herbitzheim"," 9h'",359870.578045415,5430847.08350483
"764",1274,"Grendelbruch"," 10p'",376155.953875178,5372388.73519093
"765",1275,"Grendelbruch"," 10p'",376155.953875178,5372388.73519093
"766",1276,"Natzweiler"," 10p'",371226.64878013,5366256.90191519
"767",468,"Rimbach-Zell (Rimbachzell)"," 10w'",363971.258842258,5306733.47464098
"768",469,"Rimbach-Zell (Rimbachzell)"," 10w'",363971.258842258,5306733.47464098
"769",470,"Gebweiler (Guebwiller)"," 10w'",366301.148409903,5307790.99561499
"770",471,"Sulz (Soultz-Haut-Rhin)"," 10w'",367574.596204817,5305162.94004612
"771",472,"Wünheim"," 10w'",366128.365903425,5303854.14168367
"772",473,"Gebweiler (Guebwiller)"," 10w'",366301.148409903,5307790.99561499
"773",474,"Berrweiler (Berrwiller)"," 10w'",366484.197239349,5300992.58380438
"774",475,"Pulversheim"," 10w'",372919.409163844,5299281.93619531
"775",476,"Bollweiler (Bollwiller)"," 10w'",369825.991945586,5302212.88127097
"776",477,"Ungersheim"," 10w'",373203.056084436,5304120.33554072
"777",478,"Rädersheim (Raedersheim)"," 10w'",371577.358911234,5305221.49874343
"778",479,"Isenheim (Issenheim)"," 10w'",369487.848113191,5306981.88890389
"779",480,"Merxheim"," 10w'",372375.607240932,5307733.44210494
"780",481,"Gebweiler (Guebwiller)"," 10w'",366301.148409903,5307790.99561499
"781",482,"Gebweiler (Guebwiller)"," 10w'",366301.148409903,5307790.99561499
"782",483,"Gebweiler (Guebwiller)"," 10w'",366301.148409903,5307790.99561499
"783",484,"Feldkirch"," 10w'",370762.82321414,5302745.59498601
"784",708,"Wattweiler (Wattwiller)"," 10w'",363632.2588735,5299623.58731216
"785",28,"Dehlingen"," 10i'",367631.990109276,5426827.14228867
"786",29,"Bütten (Butten)"," 10i'",369770.068627355,5425752.28156856
"787",30,"Ratzweiler (Ratzwiller)"," 10i'",371139.912295703,5423947.54479883
"788",32,"Diemeringen"," 10i'",367227.038988961,5422438.0446923
"789",34,"Waldhambach"," 10i'",369270.818857842,5420740.27339382
"790",35,"Rosteig"," 10i'",378303.571254842,5421305.0102987
"791",93,"Weislingen"," 10i'",371911.78521983,5419901.46806712
"792",911,"Le Hohwald"," 10q'",376405.516469045,5362484.07634807
"793",912,"Breitenbach"," 10q'",373502.128189294,5358294.61450324
"794",913,"Meisengott (Maisonsgoutte)"," 10q'",371353.349627379,5357026.25258842
"795",914,"St. Martin (Saint-Martin)"," 10q'",373267.247580914,5356668.51403878
"796",915,"Erlenbach (Albé)"," 10q'",375423.035551298,5357292.46861485
"797",916,"Weiler (Villé)"," 10q'",374233.781134156,5355764.08850956
"798",917,"Bassenberg (Bassemberg)"," 10q'",372937.057269327,5355028.98468678
"799",918,"Triembach (Triembach-Au-Val)"," 10q'",375787.537186532,5355185.02240983
"800",710,"Mülhausen"," 11x'",375861.15287438,5290031.65333837
"801",711,"Mülhausen"," 11x'",375861.15287438,5290031.65333837
"802",712,"Rülisheim"," 11x'",377146.343999193,5297838.54614176
"803",715,"Illzach"," 11x'",376281.215627757,5293410.56189476
"804",716,"Sausheim"," 11x'",377899.829463926,5294082.25938053
"805",717,"Baldersheim"," 11x'",378548.782546967,5295514.04006661
"806",718,"Napoleonsinsel (Ile Napoléon), Illzach"," 11x'",376281.215627757,5293410.56189476
"807",719,"Modenheim"," 11x'",377117.452613655,5291921.75961812
"808",720,"Modenheim"," 11x'",377117.452613655,5291921.75961812
"809",721,"Battenheim"," 11x'",378939.103295246,5297270.3948495
"810",736,"Homburg Kreis Mülhausen (Hombourg)"," 11x'",387964.94431606,5290605.72055017
"811",737,"Ottmarsheim"," 11x'",388131.179633369,5293663.27531469
"812",745,"Malsburg"," 13y'",403175.826506232,5287384.6937804
"813",818,"Malsburg"," 13y'",403175.826506232,5287384.6937804
"814",819,"Wies"," 13y'",407594.434235857,5289015.73938393
"815",822,"Gresgen"," 13y'",411527.618355484,5284883.59124816
"816",823,"Tegernau"," 13y'",409731.864799753,5285922.81978311
"817",824,"Sallneck"," 13y'",407938.038774728,5286240.01324229
"818",825,"Endenburg"," 13y'",404967.183171728,5285025.01377005
"819",826,"Weitenau"," 13y'",407321.724775358,5281222.8963382
"820",827,"Wieslet"," 13y'",409814.024654876,5282467.65887556
"821",828,"Schlächtenhaus-Hofen"," 13y'",405346.718067631,5282668.74601173
"822",836,"Adelsberg"," 13y'",412747.503047414,5285529.89584172
"823",840,"Hausen im Wiesental"," 13y'",412979.664095699,5281544.56089574
"824",164,"Etschburg (Eschbourg)"," 10l'",374894.214365494,5408031.82659233
"825",165,"Graufthal"," 10l'",373810.53823151,5408799.08928
"826",167,"Büst (Bust)"," 10l'",370516.54618911,5409964.37121022
"827",168,"Pfalzweier (-weyer)"," 10l'",372102.289899948,5407289.85144086
"828",1072,"Sankt Gallen"," 10m'",376935.331930131,5394345.73071413
"829",1073,"Reinhardsmünster"," 10m'",376131.327999923,5392977.77815718
"830",1097,"Hägen"," 10m'",377847.604788851,5397018.10236553
"831",1162,"Hengweiler"," 10m'",377246.412559743,5391937.97586548
"832",325,"Kolmar (/Hausen an der Möhlin)"," 11u'",378126.451651737,5326707.22745243
"833",326,"Kolmar"," 11u'",378126.451651737,5326707.22745243
"834",327,"Kolmar"," 11u'",378126.451651737,5326707.22745243
"835",328,"Kolmar"," 11u'",378126.451651737,5326707.22745243
"836",329,"Kolmar"," 11u'",378126.451651737,5326707.22745243
"837",330,"Kolmar"," 11u'",378126.451651737,5326707.22745243
"838",331,"Sundhofen (Sundhoffen)"," 11u'",381864.05720327,5322237.00013448
"839",332,"Heiligkreuz (Sainte-Croix-en-Plaine)"," 11u'",379403.712559224,5318305.30392472
"840",334,"Widensolen"," 11u'",386750.889720477,5324395.60073818
"841",335,"Horburg (Horboug)"," 11u'",380344.621782497,5326569.32639513
"842",336,"Logelnheim (Logelheim)"," 11u'",381381.964009856,5319869.71118953
"843",338,"Andolsheim"," 11u'",381931.270618944,5325032.03312157
"844",339,"Appenweier (Appenwihr)"," 11u'",383662.529351545,5320361.22828216
"845",340,"Hettenschlag"," 11u'",384971.548009486,5317941.0223268
"846",352,"Wolfganzen"," 11u'",388286.775728101,5320439.55280388
"847",658,"Gallenweiler"," 13w'",401336.865326197,5304391.5608331
"848",659,"Wettelbrunn"," 13w'",402553.235078003,5302822.27207225
"849",660,"Ballrechten-Dottingen"," 13w'",402822.572179127,5301624.86039085
"850",662,"Sulzburg"," 13w'",403273.428682999,5299461.68436854
"851",663,"Untermünstertal-Ziegelplatz (Untermünstertal)"," 13w'",409225.221775615,5300917.08973593
"852",664,"Untermünstertal-Rotenbuck"," 13w'",409789.203562246,5299371.92381049
"853",665,"Staufen (bei Freiburg)"," 13w'",405019.614640166,5303928.47252762
"854",666,"Grunern bei Müllheim"," 13w'",404419.483939296,5302822.21707593
"855",668,"Ehrenstetten"," 13w'",406759.731365706,5307669.89472202
"856",669,"Obermünstertal-Krumlinden (Obermünstertal)"," 13w'",411150.906345808,5302704.74797206
"857",678,"St Ulrich"," 13w'",413150.359551828,5306839.75169798
"858",681,"Obermünstertal-Spielweg"," 13w'",412957.532469283,5303369.80829422
"859",108,"Wimmenau"," 11k'",384198.015812423,5418693.76065368
"860",109,"Zittersheim"," 11k'",378745.524825128,5417608.74774427
"861",110,"Erkartsweiler (Erckartswiller)"," 11k'",379720.003417554,5414893.03498462
"862",111,"Sparsbach"," 11k'",383811.327057805,5415053.15245734
"863",112,"Weinburg (Weinbourg)"," 11k'",385627.732678376,5414351.70616868
"864",113,"Ingweiler (Ingwiller)"," 11k'",388565.938721624,5414475.70192486
"865",114,"Menchhofen (Menchhoffen)"," 11k'",389611.540770512,5412934.78609932
"866",115,"Uttweiler (Uttwiller)"," 11k'",388971.884589417,5411430.69442975
"867",116,"Niedersulzbach (Niedersoultzbach)"," 11k'",387477.554815412,5411829.81075683
"868",117,"Obersulzbach (Obersoultzbach)"," 11k'",386304.351853961,5412132.70802939
"869",118,"Weitersweiler (Weiterswiller)"," 11k'",383613.604730582,5412326.0730593
"870",605,"Hägelberg"," 13z'",404479.352377613,5279442.41624394
"871",606,"Langenau"," 13z'",409807.740730552,5278914.95598049
"872",607,"Schopfheim (/Grenzach, aber gestrichen)"," 13z'",411620.256391719,5278041.20146243
"873",608,"Haagen"," 13z'",400769.410073814,5276804.21481942
"874",609,"Hauingen"," 13z'",401889.801124781,5277434.4520379
"875",610,"Brombach (/Maulburg, aber gestrichen)"," 13z'",401768.681665949,5276444.87731885
"876",611,"Steinen"," 13z'",405299.554295135,5277555.86182095
"877",612,"Höllstein"," 13z'",405788.437788722,5276987.65621675
"878",613,"Hüsingen"," 13z'",405428.089073343,5276079.71575623
"879",614,"Maulburg"," 13z'",408200.350339759,5277095.87203842
"880",615,"Wiechs"," 13z'",410787.513557253,5276588.77770726
"881",616,"Nordschwaben"," 13z'",411091.755244911,5274566.52879954
"882",617,"Adelhausen"," 13z'",406902.883264373,5274228.4134949
"883",618,"Minseln"," 13z'",409100.112334191,5272886.45409164
"884",620,"Inzlingen"," 13z'",401333.931064826,5271356.30760473
"885",621,"Karzau (Karsau)"," 13z'",409677.640326391,5271292.30268681
"886",622,"Degerfelden"," 13z'",409677.640326391,5271292.30268681
"887",627,"Fahrnau"," 13z'",412606.890632815,5279366.92114421
"888",641,"Eichen"," 13z'",412743.090819434,5277731.90717122
"889",950,"Meissenheim"," 13q'",409522.02641459,5362480.31204739
"890",951,"Ottenheim"," 13q'",407807.198098553,5359945.24709156
"891",952,"Kürzell"," 13q'",412322.975989578,5360136.03626636
"892",953,"Allmannsweier"," 13q'",409883.114793782,5357810.62156437
"893",954,"Nonnenweier"," 13q'",408129.293385113,5355868.64395337
"894",955,"Daubensand"," 13q'",404912.986027959,5355958.26367578
"895",956,"Obenheim"," 13q'",402896.038332463,5357059.73192978
"896",957,"Gerstheim"," 13q'",403616.354837693,5359683.57928836
"897",966,"Schutterzell"," 13q'",414260.049007509,5362042.00682246
"898",968,"Hugsweier"," 13q'",413882.667392559,5356976.97932944
"899",886,"Fegersheim"," 13p'",402440.149557845,5371572.55632102
"900",887,"Fegersheim"," 13p'",402440.149557845,5371572.55632102
"901",888,"Eschau"," 13p'",405094.528425294,5371333.90525091
"902",889,"Plobsheim"," 13p'",405638.792573838,5369270.13554446
"903",891,"Altenheim"," 13p'",412323.347543159,5368670.05012762
"904",892,"Dundenheim"," 13p'",412425.913289487,5366888.49349147
"905",893,"Ichenheim"," 13p'",412094.149497082,5364955.79721753
"906",894,"Kittersburg"," 13p'",413821.07987527,5372193.62295272
"907",909,"Müllen"," 13p'",413780.596715075,5368665.44210224
"908",1126,"Vegersheim (Fegersheim)"," 13p'",402440.149557845,5371572.55632102
"909",138,"Gunstett"," 13k'",409496.585974262,5418835.60498321
"910",139,"Eberbach"," 13k'",406001.185433241,5418415.39040277
"911",140,"Forstheim"," 13k'",405792.165852561,5416586.48796962
"912",141,"Morsbronn (Morsbronn-Les-Bains)"," 13k'",407865.142616071,5417142.24655967
"913",142,"Hagenheim (Hegeney)"," 13k'",408049.732223986,5416156.27807672
"914",143,"Dürrenbach (Durrenbach)"," 13k'",409701.030691852,5416709.68430366
"915",144,"Biblisheim"," 13k'",411464.872084564,5417032.73368719
"916",145,"Walburg"," 13k'",411252.824982917,5415547.29941564
"917",146,"Eschbach"," 13k'",407346.912824788,5414277.68702376
"918",147,"Laubach"," 13k'",406180.509683849,5415092.20225998
"919",148,"Merzweiler (Mertzwiller)"," 13k'",403140.756513807,5413021.52410857
"920",149,"Griesbach"," 13k'",403135.530290011,5416098.31001943
"921",159,"Walburg-Hinterfeld (Hinterfeld)"," 13k'",408775.521536034,5415211.47209426
"922",1000,"Rheinau (Rhinau)"," 13k'",406180.509683849,5415092.20225998
"923",43,"Lembach-Pfaffenbronn (Pfaffenbronn)"," 13i'",414494.212306172,5427397.00222734
"924",44,"Mattstall"," 13i'",409376.78237017,5426813.23353743
"925",45,"Lampertsloch"," 13i'",413408.252844195,5423347.66540873
"926",47,"Görsdorf (Goersdorf)"," 13i'",409788.014377911,5422752.53636694
"927",48,"Preuschdorf"," 13i'",412441.806646494,5421863.97837542
"928",49,"Merkweiler (Merkwiller-Pechelbronn)"," 13i'",414104.794686955,5421322.14283813
"929",50,"Diefenbach (Dieffenbach-Lès-Woerth)"," 13i'",410230.446761275,5420989.69292132
"930",51,"Oberdorf-Spachbach"," 13i'",408945.667551108,5419876.4287695
"931",52,"Wört (Woerth)"," 13i'",407998.716383519,5421187.37039188
"932",53,"Fröschweiler (Fr?schwiller)"," 13i'",406397.390151392,5421926.81733289
"933",54,"Nehweiler (Nehwiller)"," 13i'",405076.77963212,5423899.51709883
"934",55,"Langensulzbach (Langensoultzbach)"," 13i'",407319.360050893,5424684.49838274
"935",76,"Oberkutzenhausen"," 13i'",415086.878967162,5421263.70538689
"936",1236,"Achenheim"," 13i'",411000.589384318,5422881.9932512
"937",1012,"Sulz"," 14r'",415509.513060789,5352329.90456078
"938",1013,"Sulz"," 14r'",415509.513060789,5352329.90456078
"939",1014,"Reichenbach (Gengb.)"," 14r'",420185.351603405,5353757.61543678
"940",1016,"Seelbach"," 14r'",421481.063463181,5351283.79905176
"941",1017,"Wittelbach"," 14r'",422170.065396854,5349335.51897718
"942",1018,"Schuttertal"," 14r'",422503.123050097,5346934.15323565
"943",1019,"Schmieheim"," 14r'",415168.182422849,5347984.75390936
"944",1020,"Wallburg"," 14r'",414911.027725916,5346616.71026827
"945",1260,"Neumühl"," 14o'",414716.794240877,5380314.98984595
"946",1261,"Odelshofen"," 14o'",417377.371368966,5379151.35191027
"947",1262,"Legelshurst"," 14o'",419813.820852478,5380007.81524021
"948",1263,"Urloffen"," 14o'",423915.935368345,5378724.69821519
"949",1264,"Appenweier"," 14o'",424717.08253151,5376819.53888533
"950",1265,"Ebersweier"," 14o'",424884.228017708,5373178.6006034
"951",1266,"Windschläg"," 14o'",422969.437728852,5374045.97443714
"952",1267,"Griesheim"," 14o'",420530.730861705,5373591.7033576
"953",1268,"Hesselhurst"," 14o'",417381.580862053,5374749.76977083
"954",1269,"Hesselhurst"," 14o'",417381.580862053,5374749.76977083
"955",1270,"Eckartsweier"," 14o'",415227.151840058,5375830.11664788
"956",1271,"Willstätt"," 14o'",418229.141298547,5376767.52273978
"957",1272,"Sand"," 14o'",420388.233025917,5376686.61913675
"958",1273,"Kork"," 14o'",416558.345526635,5379759.32918416
"959",283,"Emmendingen"," 14t'",414379.947896773,5330377.97340688
"960",284,"Waldkirch"," 14t'",422598.064443591,5327227.26306441
"961",285,"Wasser"," 14t'",414855.634473635,5327876.22201113
"962",286,"Windenreuthe (Emmendingen)"," 14t'",417146.891269308,5330030.44226266
"963",287,"Siensbach"," 14t'",424669.785440184,5328749.30317372
"964",288,"Siegelau"," 14t'",423944.402139094,5333046.56067042
"965",289,"Sexau"," 14t'",418697.535956769,5328462.97934182
"966",291,"Maleck"," 14t'",416972.026682895,5331266.95469506
"967",293,"Kollnau"," 14t'",423480.718000572,5328577.19136567
"968",294,"Kollmarsreute"," 14t'",416491.979193401,5328304.60162424
"969",295,"Freiamt-Reichenbach"," 14t'",420037.57840118,5334361.59189978
"970",297,"Keppenbach"," 14t'",419689.924967393,5332910.15546036
"971",298,"Gutach"," 14t'",424624.236071873,5329927.14414908
"972",444,"Littenweiler"," 14v'",418162.469936368,5314412.40773552
"973",445,"Ebnet"," 14v'",418135.49716915,5315454.4159455
"974",447,"Stegen"," 14v'",422466.792509646,5315064.25725175
"975",448,"Zarten"," 14v'",421661.969165797,5314329.24721737
"976",449,"Burg am Wald"," 14v'",423838.139057157,5313570.80762457
"977",450,"Kirchzarten"," 14v'",421814.688293973,5312768.65290675
"978",451,"Oberried"," 14v'",421202.489820196,5309220.87142713
"979",452,"Horben"," 14v'",414783.902624969,5309397.78441068
"980",453,"Kappel"," 14v'",418509.059728163,5312901.1971316
"981",677,"Zastler"," 14v'",422694.998549713,5309434.10417808
"982",454,"Oderen"," 8w'",348703.633609055,5308290.2998201
"983",455,"Fellerlingen (Fellering)"," 8w'",349476.371989206,5306727.55741367
"984",456,"Hüsseren-Wesserling (Husseren-Wesserling)"," 8w'",349611.129696505,5305498.48305172
"985",457,"Mollau"," 8w'",348566.280709847,5304108.94709446
"986",458,"Urbis, St. Amarintal (Urbès)"," 8w'",347125.191094579,5305270.18431124
"987",460,"Mitzach"," 8w'",350829.168746121,5303913.25793804
"988",7,"Weißenburg-Weiler"," 14h'",420533.568456218,5432216.13995718
"989",8,"Weißenburg (Wissembourg)"," 14h'",423411.839649651,5432134.49785601
"990",9,"Altenstadt"," 14h'",424685.090515333,5431477.74977222
"991",10,"Rott"," 14h'",420537.381795907,5430798.46510584
"992",11,"Oberhoffen-lès-Wissembourg"," 14h'",420910.441883933,5429885.85998023
"993",12,"Steinselz (Steinseltz)"," 14h'",421780.800997444,5429218.64348191
"994",13,"Kleeburg (Cleebourg)"," 14h'",419046.59305503,5428149.32609079
"995",14,"Klimbach (Climbach)"," 14h'",415947.22146561,5430096.69616865
"996",1235,"Breuschwickersheim"," 14h'",421780.800997444,5429218.64348191
"997",543,"Sankt Ludwig (Saint-Louis)"," 12z'",391990.295555909,5271259.45489644
"998",581,"Istein"," 12z'",390037.257720168,5279757.45762024
"999",582,"Efringen (Efringen-Kirchen)"," 12z'",392212.449793747,5278386.00145643
"1000",583,"Kirchen (Efringen-Kirchen)"," 12z'",392212.449793747,5278386.00145643
"1001",584,"Egringen und Fischingen"," 12z'",394610.970349127,5279872.92799565
"1002",585,"Schallbach"," 12z'",396948.64357823,5279097.3239048
"1003",586,"Wittlingen"," 12z'",398511.030630521,5278974.26103375
"1004",588,"Rümmingen"," 12z'",397956.539673239,5277293.05657686
"1005",589,"Binzen"," 12z'",396630.578570311,5276242.53394071
"1006",590,"(Weil am Rhein und) Eimeldingen"," 12z'",394462.865315368,5276259.1722247
"1007",591,"Märkt"," 12z'",393391.466031692,5275819.53952969
"1008",592,"Rosenau"," 12z'",389948.682797611,5276978.6346283
"1009",593,"Neuweg-Bartenheim"," 12z'",389452.091210462,5275558.32501214
"1010",597,"Neudorf (Village-Neuf)"," 12z'",392630.349227626,5273423.2872262
"1011",598,"Hüningen (Huningue)"," 12z'",393522.417864042,5271837.17722223
"1012",599,"Weil am Rhein"," 12z'",397228.172766254,5271946.35572434
"1013",600,"Lörrach"," 12z'",399604.128958225,5274106.10905687
"1014",601,"Lörrach"," 12z'",399604.128958225,5274106.10905687
"1015",602,"Tumringen"," 12z'",398997.640545438,5275763.00121248
"1016",603,"Haltingen"," 12z'",395825.816233476,5274312.48876562
"1017",604,"Ötlingen"," 12z'",396410.514556638,5275277.03389215
"1018",646,"Fessenheim (Gutenstein)"," 12w'",390699.43029175,5307975.25993878
"1019",647,"Fessenheim"," 12w'",390699.43029175,5307975.25993878
"1020",648,"Blodelsheim"," 12w'",390396.810747869,5304476.59827182
"1021",649,"Rumersheim (Rumersheim-le-Haute)"," 12w'",389070.049387929,5300968.61947799
"1022",650,"Buggingen"," 12w'",398054.9560166,5300293.97941129
"1023",651,"Seefelden"," 12w'",398247.38208666,5301574.65316279
"1024",652,"Heitersheim"," 12w'",400368.446883653,5302830.63871026
"1025",653,"Eschbach (bei Heitersheim)"," 12w'",399249.862405437,5305042.39874667
"1026",655,"Grißheim (Grissheim)"," 12w'",394741.736551068,5303158.34650094
"1027",656,"Zienken (Müllheim)"," 12w'",393589.171169104,5299833.02671289
"1028",657,"Tunsel"," 12w'",400290.190926957,5306397.33325195
"1029",725,"Dattingen"," 12w'",399483.626927546,5298704.75232412
"1030",413,"Heiteren"," 12v'",390860.236281177,5313935.96041233
"1031",414,"Oberrimsingen"," 12v'",399958.437669092,5314882.40333838
"1032",415,"Feldkirch"," 12v'",399144.705840531,5310101.5884666
"1033",416,"Hartheim"," 12v'",397458.047153041,5310200.28235364
"1034",417,"Obersaasheim"," 12v'",392476.647008551,5316170.2890007
"1035",418,"Geiswasser"," 12v'",395555.984276979,5314895.03190568
"1036",419,"Nambsheim"," 12v'",392610.166597661,5309920.57967627
"1037",420,"Balgau"," 12v'",390879.985172329,5309419.41094944
"1038",439,"Niederrimsingen"," 12v'",400849.070249427,5315711.921596
"1039",443,"Schlatt"," 12v'",400999.094819766,5308848.74040129
"1040",654,"Bremgarten (Hartheim)"," 12v'",397181.720095769,5307985.01021997
"1041",661,"Laufen"," 12v'",400885.971616205,5312219.27302814
"1042",342,"Breisach"," 12u'",395161.098450993,5322297.87915254
"1043",343,"Gündlingen"," 12u'",398750.890188224,5318921.46192959
"1044",344,"Ihringen"," 12u'",399053.665000923,5322269.24997293
"1045",345,"Achkarren"," 12u'",397527.730653147,5324738.88739061
"1046",346,"Bickensohl"," 12u'",398902.966448434,5326069.75206384
"1047",347,"Neubreisach (Neuf-Brisach)"," 12u'",390317.065957414,5319395.33336947
"1048",348,"Künheim (Kunheim)"," 12u'",390825.332520046,5325995.49362758
"1049",349,"Volgelsheim"," 12u'",392090.853063462,5319194.97682573
"1050",350,"Vogelgrün (Vogelgrun)"," 12u'",393533.684714007,5318519.88105062
"1051",351,"Biesheim"," 12u'",391525.101497987,5321823.97160705
"1052",353,"Algolsheim"," 12u'",392377.544885869,5317933.2509055
"1053",354,"Umgebung von Neubreisach (Weckolsheim)"," 12u'",389118.489865188,5317662.74878024
"1054",1015,"Schönberg"," 15q'",428354.066602432,5357278.43167404
"1055",682,"Dollern (Dolleren)"," 8x'",345169.299328907,5296763.17479467
"1056",683,"Oberbruck"," 8x'",346010.859566793,5297051.01024576
"1057",684,"Rimbach-Pès-Masevaux)"," 8x'",346355.372491678,5298569.92996541
"1058",685,"Kirchberg-Wegscheid"," 8x'",347212.025455936,5295980.44846142
"1059",686,"Sickert, Niederbruck"," 8x'",348614.712779367,5294173.11924191
"1060",687,"Sewen"," 8x'",343284.377759018,5296964.04722712
"1061",688,"Masmünster (Masevaux)"," 8x'",349697.734901068,5292986.1103846
"1062",689,"Niederbruck"," 8x'",348071.595329469,5294241.83235151
"1063",299,"Münster (Munster)"," 9u'",360759.605747063,5322634.46301878
"1064",300,"Münster (Munster)"," 9u'",360759.605747063,5322634.46301878
"1065",301,"Sulzern (Soultzeren)"," 9u'",358635.15766852,5325125.17437866
"1066",302,"Metzeral"," 9u'",356179.248544774,5319572.3574905
"1067",303,"Eschbach"," 9u'",361775.400631525,5321182.04458426
"1068",304,"Hohrod"," 9u'",360362.9990299,5324049.74434106
"1069",305,"Luttenbach (Luttenbach-Près-Munster)"," 9u'",359657.158845293,5321465.83716159
"1070",306,"Breitenbach (Breitenbach-Haut-Rhin)"," 9u'",358401.369164466,5320692.63296684
"1071",307,"Hohrodberg"," 9u'",361065.222198466,5324692.14989373
"1072",308,"Stossweier"," 9u'",358541.57900503,5324081.01289179
"1073",309,"Mühlbach (Muhlbach-Sur-Munster)"," 9u'",357395.896774874,5320939.92328753
"1074",310,"Griesbach (Griesbach-Au-Val)"," 9u'",363634.005460046,5321643.58879172
"1075",311,"Günsbach (Gunsbach)"," 9u'",363855.83104493,5323071.7346374
"1076",385,"Wasserburg Kreis Colmar (Wasserbourg)"," 9u'",362715.435339094,5318253.74671636
"1077",387,"Mittlach"," 9u'",353303.758733247,5318621.89971775
"1078",936,"Uttenheim"," 12q'",396140.200334019,5362906.5119719
"1079",937,"Westhausen (Westhouse)"," 12q'",395522.151140029,5361302.31714272
"1080",938,"Kerzfeld (Kertzfeld)"," 12q'",394315.21884617,5359275.48912436
"1081",939,"Benfeld"," 12q'",395866.338206468,5358673.08821328
"1082",940,"Benfeld"," 12q'",395866.338206468,5358673.08821328
"1083",941,"Benfeld"," 12q'",395866.338206468,5358673.08821328
"1084",942,"Sand"," 12q'",397391.461122285,5359770.50947814
"1085",943,"Matzenheim"," 12q'",398351.592488357,5361273.13007759
"1086",944,"Osthausen (Osthouse)"," 12q'",399256.859731905,5361840.69656182
"1087",945,"Herbsheim"," 12q'",398662.297827365,5355739.46012966
"1088",946,"Roßfeld (Rossfeld)"," 12q'",397496.567073471,5354677.43427758
"1089",947,"Hüttenheim (Huttenheim)"," 12q'",394672.761044706,5357067.33280952
"1090",948,"Sermersheim"," 12q'",392711.191996993,5355806.49042329
"1091",949,"Kogenheim"," 12q'",391975.615307425,5354893.11860301
"1092",619,"Eichsel (GID von Obereichsel)"," 13a''",408880.233181358,5268047.64351044
"1093",623,"Nollingen"," 13a''",407615.03279394,5269643.81322563
"1094",624,"Rheinfelden-Stadt (Baden)"," 13a''",408880.233181358,5268047.64351044
"1095",625,"Herten"," 13a''",404378.710969586,5267617.15407509
"1096",626,"Wyhlen"," 13a''",401511.158970215,5267104.5280092
"1097",56,"Riedselz (Riedseltz)"," 14i'",423332.532410502,5427185.67389001
"1098",57,"Bremmelbach"," 14i'",419538.182150523,5426482.17826176
"1099",58,"Ingolsheim"," 14i'",422162.142179568,5425062.7722132
"1100",59,"Oberseebach"," 14i'",426039.287131697,5424301.59069798
"1101",60,"Hunspach"," 14i'",422628.87333646,5422835.92021025
"1102",61,"Aschbach"," 14i'",425488.85909745,5420643.2758143
"1103",62,"Stundweiler (Stundwiller)"," 14i'",426202.895907671,5419581.98809765
"1104",63,"Leitersweiler (Leiterswiller)"," 14i'",422914.312800171,5419548.7265828
"1105",64,"Hofen (Hoffen)"," 14i'",422445.200158948,5419954.38845552
"1106",66,"Hermersweiler (Hermerswiller)"," 14i'",420323.142882689,5420898.29206768
"1107",67,"Schönenburg (Schoenenbourg)"," 14i'",420441.892821202,5422696.66496419
"1108",68,"Sulz u. W. (Soultz-Sous-Forêts)"," 14i'",418175.416066671,5421145.15801783
"1109",69,"Kutzenhausen"," 14i'",416232.362325339,5420721.54315424
"1110",70,"Retschweiler (Retschwiller)"," 14i'",417880.919301002,5422531.53223941
"1111",71,"Memmelshofen (Memmelshoffen)"," 14i'",417361.320069043,5423637.74594517
"1112",72,"Keffenach"," 14i'",418188.203523164,5424154.76102958
"1113",73,"Birlenbach"," 14i'",418254.435765673,5425422.41708591
"1114",74,"Drachenbronn"," 14i'",417354.021188869,5426543.15401507
"1115",75,"Lobsann"," 14i'",415591.546305293,5424013.46012678
"1116",746,"Todtnau"," 14x'",421142.549449466,5297817.54306335
"1117",747,"Schlechtnau"," 14x'",420566.892828518,5296561.51224484
"1118",748,"Geschwend"," 14x'",420603.726165343,5295098.1249611
"1119",749,"Utzenfeld"," 14x'",418603.845539978,5294703.47787796
"1120",750,"Aitern"," 14x'",417275.883664967,5295014.65391058
"1121",752,"Schönenberg"," 14x'",416289.322316142,5293859.39689072
"1122",753,"Schönau"," 14x'",417190.039481714,5293148.34957612
"1123",754,"Tunau"," 14x'",419337.243899801,5293048.02562071
"1124",755,"Präg"," 14x'",423014.196251314,5292319.92852689
"1125",756,"Präg-Herrenschwand"," 14x'",421568.818595252,5290985.38090263
"1126",758,"Fröhnd"," 14x'",416364.772446553,5290262.19597535
"1127",628,"Kürnberg"," 14z'",415067.8149526,5279676.19230714
"1128",629,"Hasel"," 14z'",417237.441646837,5278425.50298533
"1129",630,"Obergebisbach- Hornbach"," 14z'",422999.415062465,5278359.76571783
"1130",631,"Niedergebisbach"," 14z'",424339.989525022,5277952.02739473
"1131",632,"Altenschwand"," 14z'",423080.221189754,5276460.14032777
"1132",633,"Hütten"," 14z'",421019.822986517,5275604.01482267
"1133",634,"Rickenbach"," 14z'",423182.96128027,5274451.30101392
"1134",635,"Bergalingen"," 14z'",421799.292961056,5273774.97388836
"1135",636,"Willaringen"," 14z'",422794.674257457,5272995.83954991
"1136",637,"Öfflingen (Öflingen)"," 14z'",418350.468064715,5271556.85987253
"1137",638,"Schwörstadt"," 14z'",415791.504029217,5271761.09044995
"1138",639,"Dossenbach"," 14z'",414101.742713613,5274251.2657228
"1139",640,"Wehr"," 14z'",417697.324589161,5275677.7955453
"1140",757,"Todtmoos"," 14y'",425361.078245382,5288030.76349002
"1141",829,"Pfaffenberg"," 14y'",415255.049445532,5287412.53521113
"1142",830,"Ehrsberg"," 14y'",418010.523534468,5288335.6122861
"1143",831,"Häg (bei Mambach)"," 14y'",418595.164508964,5287092.38500043
"1144",832,"Happach"," 14y'",421386.907856392,5288068.79045243
"1145",833,"Mambach"," 14y'",416288.142148906,5286716.12176789
"1146",834,"Atzenbach"," 14y'",415507.412047095,5285274.54529613
"1147",835,"Häg-Rohrberg"," 14y'",417808.396360331,5285550.55458462
"1148",837,"Zell im Wiesental"," 14y'",413957.765496143,5284431.33923175
"1149",838,"Riedichen"," 14y'",416632.70112513,5284072.19487714
"1150",839,"Gersbach"," 14y'",419920.704977723,5283203.36920885
"1151",841,"Raitbach"," 14y'",414507.696372628,5281621.94024545
"1152",843,"Todtmoos"," 14y'",425361.078245382,5288030.76349002
"1153",690,"Oberburbach (Bourbach-Les-Haut)"," 9x'",352449.045944307,5295428.6896146
"1154",691,"Niederburbach (Bourbach-Le-Bas)"," 9x'",354561.110386197,5293147.80555553
"1155",692,"Sentheim"," 9x'",354186.080078661,5290993.17183467
"1156",693,"Aue (Lauw)"," 9x'",351775.525498242,5291273.37191861
"1157",694,"Rodern"," 9x'",356743.712398726,5293440.38845088
"1158",695,"Leimbach"," 9x'",357704.391839679,5295046.94885628
"1159",696,"Tann (Thann)"," 9x'",358002.751162399,5296945.64408547
"1160",697,"Alttann (Vieux-Thann)"," 9x'",359394.966887289,5296561.36665447
"1161",698,"Tann-Bitschweiler (Bitschwiller-Lès-Thann)"," 9x'",356267.728305008,5299112.48729253
"1162",699,"Oberasbach (Aspach-Le-Haute)"," 9x'",360172.169537876,5293193.16736299
"1163",700,"Niederasbach (Aspach-Le-Bas)"," 9x'",361415.250876484,5291481.96773511
"1164",701,"Steinbach"," 9x'",361886.901109691,5297988.11209342
"1165",702,"Rammersmatt"," 9x'",355511.108901866,5294689.8007912
"1166",759,"Gewenheim"," 9x'",356943.519127835,5290601.99648357
"1167",769,"Schweighausem (Schweighouse-Thann)"," 9x'",362627.015890683,5290443.4484335
"1168",1211,"Oberhaslach"," 10o'",376791.222365197,5378767.91998372
"1169",1212,"Oberhaslach"," 10o'",376791.222365197,5378767.91998372
"1170",1213,"Urmatt"," 10o'",376300.163929174,5376204.29850815
"1171",1214,"Mühlbach (Muhlbach-Sur-Bruche)"," 10o'",374246.18741451,5375119.843131
"1172",1229,"Niederhaslach"," 10o'",377565.050596971,5377921.49210989
"1173",383,"Lintal (Linthal, Kreis Tann)"," 9v'",360321.364578795,5312012.78214478
"1174",384,"Lautenbach (Kreis Tann)"," 9v'",362499.448368714,5311427.71690001
"1175",386,"Sondernach"," 9v'",356228.831131974,5317676.11620977
"1176",388,"Murbach"," 9v'",362572.889414808,5309399.86516321
"1177",389,"Lautenbachzell"," 9v'",361786.319695879,5311352.48342235
"1178",390,"Sengern"," 9v'",359763.202274519,5311611.55159577
"1179",161,"Kirberg (Kirrberg)"," 9l'",357755.54633988,5409624.17762135
"1180",162,"Rauweiler"," 9l'",361174.442512514,5408213.49286059
"1181",163,"Goerlingen"," 9l'",359179.850772327,5406602.8334987
"1182",19,"Domfessel"," 9i'",364683.202374336,5423702.77059711
"1183",20,"Rimsdorf"," 9i'",362716.698774077,5421281.81015208
"1184",21,"Saarwerden (Sarrewerden)"," 9i'",359651.258100838,5420531.8734147
"1185",22,"Saarbuckenheim (Sarre-Union)"," 9i'",359901.378100787,5422459.79153589
"1186",23,"Saarbuckenheim (Sarre-Union)"," 9i'",359901.378100787,5422459.79153589
"1187",24,"Keskastel"," 9i'",356805.199395851,5425915.55571588
"1188",25,"Schopperten"," 9i'",357450.903183988,5423194.98209716
"1189",26,"Harskirchen"," 9i'",356374.831793121,5421982.46186667
"1190",27,"Bissert"," 9i'",355353.170974707,5422852.05624964
"1191",31,"Lorenzen (Lorentzen)"," 9i'",366405.700692454,5423779.01204577
"1192",90,"Puberg"," 10k'",376514.704256147,5419178.01337904
"1193",91,"Hinsburg (Hinsbourg)"," 10k'",374587.796296805,5418536.00754492
"1194",92,"Frohmühl (Frohmuhl)"," 10k'",373969.837713887,5418603.34008021
"1195",94,"Tieffenbach"," 10k'",371750.047978872,5418352.62339816
"1196",95,"Strut (Struth)"," 10k'",372070.021857441,5416705.95640552
"1197",96,"Petersbach"," 10k'",373042.397129198,5414351.56519312
"1198",97,"Lützelstein (La Petite-Pierre)"," 10k'",376831.283697007,5413101.1096336
"1199",98,"Adamsweiler (Adamswiller)"," 10k'",368350.200387987,5418409.70603464
"1200",99,"Dürstel (Durstel)"," 10k'",367873.8861567,5416967.36085205
"1201",100,"Bettweiler (Bettwiller)"," 10k'",366575.391493394,5416398.83050642
"1202",101,"Aßweiler (Asswiller)"," 10k'",369482.882169226,5415682.70007016
"1203",102,"Drulingen"," 10k'",367245.322868003,5414161.79956546
"1204",103,"Ottweiler (Ottwiller)"," 10k'",370261.772588145,5413975.1483556
"1205",104,"Lohr"," 10k'",371162.412604783,5413100.14021761
"1206",105,"Sieweiler (Siewiller)"," 10k'",368429.463506793,5411573.52288986
"1207",106,"Berg, Rexingen"," 10k'",366364.087046689,5417955.40618486
"1208",166,"Schönburg (Schoenbourg)"," 10k'",372915.920477443,5410439.73878412
"1209",1031,"Orschweiler (Orschwiller)"," 11s'",380053.329578592,5344441.9213713
"1210",1032,"St. Pilt (saint-Hyppolyte)"," 11s'",380053.329578592,5344441.9213713
"1211",1033,"Rodern"," 11s'",377986.180973648,5342565.42990695
"1212",1034,"Bergheim"," 11s'",377987.455880727,5340504.9448218
"1213",1035,"Gemar (Guémar)"," 11s'",380551.403485041,5338284.66778055
"1214",1036,"Illhäusern (Illhaeusern)"," 11s'",383569.073741823,5338011.09904591
"1215",1037,"Rohrschweier (Rorschwihr)"," 11s'",378394.493901153,5341538.15961873
"1216",1048,"Ohnenheim"," 11s'",389045.765135626,5337805.37055967
"1217",38,"Oberbronn"," 12i'",398081.593159655,5421840.55618973
"1218",39,"Bad-Niederbronn (Niederbronn-Les-Bains)"," 12i'",400636.512805789,5422905.17877126
"1219",40,"Niederbronn (GID von Niederbronn les bains)"," 12i'",400636.512805789,5422905.17877126
"1220",41,"Bad-Niederbronn (Niederbronn-Les-Bains)"," 12i'",400636.512805789,5422905.17877126
"1221",42,"Reichshofen (Reichshoffen)"," 12i'",402104.873174248,5420783.12239915
"1222",119,"Zinsweiler"," 12i'",396717.741531873,5419476.07262758
"1223",740,"Badenweiler"," 13x'",401115.914309985,5295532.67273056
"1224",741,"Schweighof"," 13x'",402594.437719428,5295716.60950004
"1225",742,"Marzell bei Kandern"," 13x'",404612.489130292,5291650.89779009
"1226",743,"Bürchau"," 13x'",412111.734143868,5292088.16683171
"1227",744,"Neuenweg, Landkreis Lörrach"," 13x'",412162.189466372,5294229.5513735
"1228",751,"Böllen"," 13x'",413180.071041471,5294973.45869268
"1229",820,"Raich"," 13x'",409848.83929945,5289299.31348223
"1230",821,"Elbenschwand"," 13x'",412408.704718524,5289275.65800947
"1231",958,"Langenwinkel"," 13r'",412957.927709178,5353923.73428091
"1232",998,"Boofzheim"," 13r'",402195.306418486,5354058.72343204
"1233",1001,"Wittenweier"," 13r'",408003.476798359,5353269.1025019
"1234",1002,"Kippenheim"," 13r'",412825.584192507,5349688.86894505
"1235",1003,"Kippenheimweiler"," 13r'",411598.029614296,5352471.63689702
"1236",1004,"Mahlberg"," 13r'",411965.274770192,5348889.41934117
"1237",1005,"Orschweier"," 13r'",410866.332156224,5347935.95490544
"1238",1006,"Altdorf"," 13r'",411987.034166004,5346552.18272011
"1239",1007,"Ettenheim"," 13r'",411940.603993602,5345468.945995
"1240",1008,"Kappel a. Rh."," 13r'",406677.770935849,5349559.55273294
"1241",1009,"Grafenhausen (Kappel-Grafenhausen)"," 13r'",406677.770935849,5349559.55273294
"1242",1010,"Rust"," 13r'",405439.286642824,5346953.94993718
"1243",1011,"Mietersheim"," 13r'",413866.640698412,5353230.61056711
"1244",1121,"Krautweiler"," 13m'",403437.522935328,5399136.44415883
"1245",1122,"Brumath"," 13m'",405171.800978469,5398272.91285186
"1246",1123,"Geudertheim"," 13m'",407835.425898141,5397391.24427727
"1247",1124,"Bietlenheim"," 13m'",410457.408206544,5396939.59264293
"1248",1125,"Kurzenhausen"," 13m'",412436.606669897,5399258.76585142
"1249",1127,"Hördt"," 13m'",410425.884603391,5394089.32057758
"1250",1129,"Eckwersheim"," 13m'",403835.048015376,5392978.65364243
"1251",1130,"Vendenheim"," 13m'",405233.959995223,5391497.20337796
"1252",642,"Wallbach"," 14a''",418268.680880781,5268938.01799607
"1253",643,"Obersäckingen"," 14a''",421914.271057165,5269560.61138242
"1254",960,"Oberschopfheim"," 14q'",418649.306294892,5361144.62956632
"1255",961,"Diersburg"," 14q'",421345.476323006,5361351.17238364
"1256",962,"Berghaupten"," 14q'",425042.961720464,5362005.91438862
"1257",963,"Bermersbach"," 14q'",425401.390085205,5359824.46276319
"1258",964,"Oberweier"," 14q'",418408.89022925,5358841.22361407
"1259",965,"Friesenheim"," 14q'",416699.780322709,5358456.9314125
"1260",967,"Schuttern"," 14q'",415049.795734039,5359416.37406268
"1261",969,"Dinglingen"," 14q'",415445.390371756,5355793.94045189
"1262",970,"Lahr (Lahr/Schwarzwald)"," 14q'",416710.191212154,5354721.32495663
"1263",971,"Kuhbach"," 14q'",419067.483443563,5354538.28990889
"1264",369,"Zähringen"," 14u'",415115.422136697,5319809.27591706
"1265",370,"Wöldtal (Wildtal)"," 14u'",416012.318830601,5320559.81817333
"1266",371,"Föhrental (Föhrenthal)"," 14u'",419840.571014921,5320738.56570181
"1267",372,"Unterglottertal-Ohrensbach"," 14u'",421740.154194192,5321602.8022829
"1268",373,"Oberglottertal"," 14u'",422796.476480384,5322157.66667393
"1269",374,"Gundelfingen"," 14u'",416011.870905905,5321752.65857559
"1270",375,"Eschbach über Freiburg i.Br."," 14u'",423951.926569362,5317095.39999041
"1271",376,"Vörstetten"," 14u'",414405.970910949,5324042.00345048
"1272",377,"Denzlingen"," 14u'",416553.651055999,5324457.26300314
"1273",378,"Suggental"," 14u'",419905.819784665,5325252.12728719
"1274",379,"Buchholz i.Br."," 14u'",418970.883440887,5326045.65542777
"1275",380,"Heuweiler"," 14u'",418235.513824912,5322584.33131997
"1276",446,"Wittental"," 14u'",421135.060314481,5317326.7716844
