"","place","admin","utm_e","utm_n"
"1","Kaysersberg","Haut-Rhin",370680.310051967,5333158.66858765
"2","Reichenweier (Riquewhir)","Haut-Rhin",373577.647700273,5336112.93643195
"3","Bebelnheim (Beblenheim)","Haut-Rhin",375261.009225792,5335224.18735161
"4","Türkheim (Turckheim)","Haut-Rhin",371825.280553393,5327313.89629302
"5","Katzenthal","Haut-Rhin",372335.662434711,5329722.16597938
"6","Niedermorschweiher","Haut-Rhin",371644.474345626,5328821.33971211
"7","Kientzheim","Haut-Rhin",372553.656105096,5332889.78904875
"8","Bennweier","Haut-Rhin",375343.151343667,5333770.17058172
"9","Sigolsheim","Haut-Rhin",373775.528048467,5332437.93116611
"10","Ingersheim","Haut-Rhin",373958.994258015,5328089.43347195
"11","Zell (Labaroche)","Haut-Rhin",365466.016736553,5330198.55872026
"12","Ammerschweier","Haut-Rhin",372367.339530999,5331577.35426328
"13","Mittelweier","Haut-Rhin",375114.688921384,5334315.56880283
"14","Ostheim","Haut-Rhin",378784.190792889,5334823.72505271
"15","Munzenheim (Muntzenheim)","Haut-Rhin",386332.198714481,5328763.52095462
"16","Bischweier","Haut-Rhin",383659.0629814,5328533.64679909
"17","Holzweier","Haut-Rhin",382794.793427085,5329756.55952371
"18","Riedweier","Haut-Rhin",384310.260288763,5331236.80820036
"19","Wickerschweier","Haut-Rhin",383775.308121379,5329380.77301001
"20","Jebsheim","Haut-Rhin",386715.17372503,5331068.6316695
"21","Hausen bei Kolmar (Houssen)","Haut-Rhin",379199.946969311,5331468.00944461
"22","Fortschweier","Haut-Rhin",384753.123473832,5327457.4714668
"23","Grussenheim","Haut-Rhin",387523.440050803,5333444.33187449
"24","Dürrenenzen (Dürrenentzen)","Haut-Rhin",388609.32443419,5327599.15620209
"25","Balzenheim (Baltzenheim)","Haut-Rhin",392497.309687144,5327666.11393627
"26","Arzenheim (Artzenheim)","Haut-Rhin",391529.896735124,5330230.45263733
"27","Münster (Munster)","Haut-Rhin",360759.605747063,5322634.46301878
"28","Münster (Munster)","Haut-Rhin",360759.605747063,5322634.46301878
"29","Sulzern (Soultzeren)","Haut-Rhin",358635.15766852,5325125.17437866
"30","Metzeral","Haut-Rhin",356179.248544774,5319572.3574905
"31","Eschbach","Haut-Rhin",361775.400631525,5321182.04458426
"32","Hohrod","Haut-Rhin",360362.9990299,5324049.74434106
"33","Luttenbach (Luttenbach-Près-Munster)","Haut-Rhin",359657.158845293,5321465.83716159
"34","Breitenbach (Breitenbach-Haut-Rhin)","Haut-Rhin",358401.369164466,5320692.63296684
"35","Hohrodberg","Haut-Rhin",361065.222198466,5324692.14989373
"36","Stossweier","Haut-Rhin",358541.57900503,5324081.01289179
"37","Mühlbach (Muhlbach-Sur-Munster)","Haut-Rhin",357395.896774874,5320939.92328753
"38","Griesbach (Griesbach-Au-Val)","Haut-Rhin",363634.005460046,5321643.58879172
"39","Günsbach (Gunsbach)","Haut-Rhin",363855.83104493,5323071.7346374
"40","Munzenheim (Muntzenheim)","Haut-Rhin",386332.198714481,5328763.52095462
"41","Wettolsheim","Haut-Rhin",373808.607209036,5324504.44725003
"42","Geberschweiher (Gueberschwihr)","Haut-Rhin",371455.892349983,5318230.68719117
"43","Hattstatt","Haut-Rhin",373227.975391613,5318898.53461117
"44","Häusern","Haut-Rhin",371827.701768402,5321315.86630125
"45","Walbach","Haut-Rhin",367692.817990604,5324780.11794654
"46","Weier (Wihr-Au-Val)","Haut-Rhin",366281.646249937,5323656.3414582
"47","Herlisheim (Herrlisheim)","Haut-Rhin",375417.013642615,5319514.4914019
"48","Sulzbach (Soultzbach-Les-Bains)","Haut-Rhin",366070.460386373,5322082.20508281
"49","Obermorschweier","Haut-Rhin",373260.624302885,5319668.39660994
"50","Vöklinshofen (Voegtlinshoffen)","Haut-Rhin",371913.218431913,5319899.54014974
"51","Egisheim","Haut-Rhin",373630.892087927,5322323.36517382
"52","Zimmerbach","Haut-Rhin",368715.936426166,5325873.05903983
"53","Kolmar (/Hausen an der Möhlin)","Haut-Rhin",378126.451651737,5326707.22745243
"54","Kolmar","Haut-Rhin",378126.451651737,5326707.22745243
"55","Kolmar","Haut-Rhin",378126.451651737,5326707.22745243
"56","Kolmar","Haut-Rhin",378126.451651737,5326707.22745243
"57","Kolmar","Haut-Rhin",378126.451651737,5326707.22745243
"58","Kolmar","Haut-Rhin",378126.451651737,5326707.22745243
"59","Sundhofen (Sundhoffen)","Haut-Rhin",381864.05720327,5322237.00013448
"60","Heiligkreuz (Sainte-Croix-en-Plaine)","Haut-Rhin",379403.712559224,5318305.30392472
"61","Logelbach","Haut-Rhin",374139.722275299,5327295.96945851
"62","Widensolen","Haut-Rhin",386750.889720477,5324395.60073818
"63","Horburg (Horboug)","Haut-Rhin",380344.621782497,5326569.32639513
"64","Logelnheim (Logelheim)","Haut-Rhin",381381.964009856,5319869.71118953
"65","Weier auf dem Land (Wihr-en-Plaine)","Haut-Rhin",381676.225934818,5326901.94674695
"66","Andolsheim","Haut-Rhin",381931.270618944,5325032.03312157
"67","Appenweier (Appenwihr)","Haut-Rhin",383662.529351545,5320361.22828216
"68","Hettenschlag","Haut-Rhin",384971.548009486,5317941.0223268
"69","Urschenheim","Haut-Rhin",387277.560423642,5327073.70944663
"70","Neubreisach (Neuf-Brisach)","Haut-Rhin",390317.065957414,5319395.33336947
"71","Künheim (Kunheim)","Haut-Rhin",390825.332520046,5325995.49362758
"72","Volgelsheim","Haut-Rhin",392090.853063462,5319194.97682573
"73","Vogelgrün (Vogelgrun)","Haut-Rhin",393533.684714007,5318519.88105062
"74","Biesheim","Haut-Rhin",391525.101497987,5321823.97160705
"75","Wolfganzen","Haut-Rhin",388286.775728101,5320439.55280388
"76","Algolsheim","Haut-Rhin",392377.544885869,5317933.2509055
"77","Umgebung von Neubreisach (Weckolsheim)","Haut-Rhin",389118.489865188,5317662.74878024
"78","Krüt (Kruth)","Haut-Rhin",348089.909331976,5310423.95611396
"79","Wildenstein bei Krüt, Kreis Tann","Haut-Rhin",347994.741083538,5316244.13693525
"80","Lintal (Linthal, Kreis Tann)","Haut-Rhin",360321.364578795,5312012.78214478
"81","Lautenbach (Kreis Tann)","Haut-Rhin",362499.448368714,5311427.71690001
"82","Wasserburg Kreis Colmar (Wasserbourg)","Haut-Rhin",362715.435339094,5318253.74671636
"83","Sondernach","Haut-Rhin",356228.831131974,5317676.11620977
"84","Mittlach","Haut-Rhin",353303.758733247,5318621.89971775
"85","Murbach","Haut-Rhin",362572.889414808,5309399.86516321
"86","Lautenbachzell","Haut-Rhin",361786.319695879,5311352.48342235
"87","Sengern","Haut-Rhin",359763.202274519,5311611.55159577
"88","Rufach (Rouffach)","Haut-Rhin",372863.823928136,5313222.30079307
"89","Osenbach","Haut-Rhin",367114.497420374,5316304.4626235
"90","Westhalten","Haut-Rhin",370061.76019603,5313033.55297123
"91","Winzfelden (Wintzfelden)","Haut-Rhin",365519.214716751,5315028.26020562
"92","Gundolsheim","Haut-Rhin",372580.844705105,5309747.0681468
"93","Schweighausen Kreis Gebweiler (Schweighouse bei Lautenbach)","Haut-Rhin",363865.152021837,5311073.91185442
"94","Bergholzzell, Orschweier (Bergholtzzell, Orschwihr)","Haut-Rhin",368161.74302002,5309938.7475157
"95","Orschweier (Orschwihr)","Haut-Rhin",367980.659783563,5310287.60468323
"96","Sulzmatt (Soultzmatt)","Haut-Rhin",368207.426953668,5314024.21653966
"97","Sulzmatt (Soultzmatt)","Haut-Rhin",368207.426953668,5314024.21653966
"98","Bühl Landkreis Gebweiler (Buhl)","Haut-Rhin",364526.66513868,5309907.39611608
"99","Pfaffenheim","Haut-Rhin",372437.107771159,5316410.80081133
"100","Pfaffenheim","Haut-Rhin",372437.107771159,5316410.80081133
"101","Dessenheim","Haut-Rhin",387180.683845441,5314695.1334012
"102","Bilzheim (Biltzheim)","Haut-Rhin",379546.436147001,5312752.83475529
"103","Oberenzen (Oberentzen)","Haut-Rhin",378929.538564702,5311296.95932826
"104","Niederenzen","Haut-Rhin",379146.037107024,5311859.47857361
"105","Niederhergheim","Haut-Rhin",380464.007536726,5316008.22391584
"106","Oberenzen","Haut-Rhin",378929.538564702,5311296.95932826
"107","Rüstenhart (Rustenhart)","Haut-Rhin",385262.803582507,5310950.53541839
"108","Oberhergheim","Haut-Rhin",380152.651895319,5313709.75214093
"109","Oberhergheim","Haut-Rhin",380152.651895319,5313709.75214093
"110","Heiteren","Haut-Rhin",390860.236281177,5313935.96041233
"111","Obersaasheim","Haut-Rhin",392476.647008551,5316170.2890007
"112","Geiswasser","Haut-Rhin",395555.984276979,5314895.03190568
"113","Nambsheim","Haut-Rhin",392610.166597661,5309920.57967627
"114","Balgau","Haut-Rhin",390879.985172329,5309419.41094944
"115","Oderen","Haut-Rhin",348703.633609055,5308290.2998201
"116","Fellerlingen (Fellering)","Haut-Rhin",349476.371989206,5306727.55741367
"117","Hüsseren-Wesserling (Husseren-Wesserling)","Haut-Rhin",349611.129696505,5305498.48305172
"118","Mollau","Haut-Rhin",348566.280709847,5304108.94709446
"119","Urbis, St. Amarintal (Urbès)","Haut-Rhin",347125.191094579,5305270.18431124
"120","Ranspach","Haut-Rhin",351300.792255279,5304967.60330281
"121","Mitzach","Haut-Rhin",350829.168746121,5303913.25793804
"122","Malmerspach","Haut-Rhin",353030.550869379,5303149.52528072
"123","Weiler","Haut-Rhin",355653.110581023,5300709.14070391
"124","St. Amarin","Haut-Rhin",352830.341804987,5304132.14990301
"125","Moosch","Haut-Rhin",354049.727347358,5302673.29171586
"126","Goldbach-Altenbach","Haut-Rhin",358168.988209367,5303991.88287188
"127","Rimbach bei Gebweiler (Rimbach-près-Guebwiller)","Haut-Rhin",362238.814433688,5307367.28561387
"128","Geishausen","Haut-Rhin",354827.059945889,5304806.67772925
"129","Rimbach-Zell (Rimbachzell)","Haut-Rhin",363971.258842258,5306733.47464098
"130","Rimbach-Zell (Rimbachzell)","Haut-Rhin",363971.258842258,5306733.47464098
"131","Gebweiler (Guebwiller)","Haut-Rhin",366301.148409903,5307790.99561499
"132","Sulz (Soultz-Haut-Rhin)","Haut-Rhin",367574.596204817,5305162.94004612
"133","Wünheim","Haut-Rhin",366128.365903425,5303854.14168367
"134","Gebweiler (Guebwiller)","Haut-Rhin",366301.148409903,5307790.99561499
"135","Berrweiler (Berrwiller)","Haut-Rhin",366484.197239349,5300992.58380438
"136","Pulversheim","Haut-Rhin",372919.409163844,5299281.93619531
"137","Bollweiler (Bollwiller)","Haut-Rhin",369825.991945586,5302212.88127097
"138","Ungersheim","Haut-Rhin",373203.056084436,5304120.33554072
"139","Rädersheim (Raedersheim)","Haut-Rhin",371577.358911234,5305221.49874343
"140","Isenheim (Issenheim)","Haut-Rhin",369487.848113191,5306981.88890389
"141","Merxheim","Haut-Rhin",372375.607240932,5307733.44210494
"142","Gebweiler (Guebwiller)","Haut-Rhin",366301.148409903,5307790.99561499
"143","Gebweiler (Guebwiller)","Haut-Rhin",366301.148409903,5307790.99561499
"144","Gebweiler (Guebwiller)","Haut-Rhin",366301.148409903,5307790.99561499
"145","Feldkirch","Haut-Rhin",370762.82321414,5302745.59498601
"146","Ensisheim","Haut-Rhin",376921.930274095,5302631.10094238
"147","Münchhausen (Munchhausen)","Haut-Rhin",384289.675363713,5302840.17508507
"148","Roggenhausen","Haut-Rhin",385403.911445838,5305078.31926886
"149","Hirzfelden","Haut-Rhin",383974.222048779,5307391.72654167
"150","Meienheim (Meyenheim)","Haut-Rhin",377398.752841512,5307746.78757434
"151","Regisheim (Réguisheim)","Haut-Rhin",376905.517714078,5306211.75264893
"152","Heimersdorf","Haut-Rhin",367787.061549389,5270255.60502522
"153","Bettendorf","Haut-Rhin",370425.251084569,5271480.65658156
"154","Weiler (Kreis Altkirch)","Haut-Rhin",373624.696836275,5271622.83642884
"155","Grenzingen","Haut-Rhin",372174.5264585,5269190.5386133
"156","Largitzen","Haut-Rhin",363641.193361797,5269171.24091442
"157","Bisel","Haut-Rhin",366056.054639596,5266105.40335473
"158","Riespach","Haut-Rhin",371033.085515006,5266745.06824112
"159","Riespach","Haut-Rhin",371033.085515006,5266745.06824112
"160","Roppenzweiler (Roppenzwiller)","Haut-Rhin",374480.880779034,5266624.3946491
"161","Waldighofen","Haut-Rhin",373299.477490766,5267728.38960931
"162","Rüderbach (Ruederbach)","Haut-Rhin",369729.197108795,5269011.09723898
"163","Pfetterhausen (Pfetterhouse)","Haut-Rhin",361906.308813928,5262475.89864206
"164","Mooslargue","Haut-Rhin",365842.11286446,5263311.64863769
"165","Köstlach (K?stlach)","Haut-Rhin",369788.817186092,5262867.76809819
"166","Niedersept (Seppois-le-Bas)","Haut-Rhin",362741.180204185,5266358.00913114
"167","Dürlinsdorf (Durlinsdorf)","Haut-Rhin",367504.325113481,5260596.33827164
"168","Mörnach (M?rnach)","Haut-Rhin",368721.43336487,5262439.09096706
"169","Altpfirt (Vieux-Ferrette)","Haut-Rhin",372009.869405447,5262492.97777652
"170","Altpfirt","Haut-Rhin",372009.869405447,5262492.97777652
"171","Altpfirt","Haut-Rhin",372009.869405447,5262492.97777652
"172","Bendorf","Haut-Rhin",370552.566477346,5260781.64308631
"173","Lüxdorf (Ligsdorf)","Haut-Rhin",372587.245475153,5259042.55347262
"174","Winkel","Haut-Rhin",369120.196189731,5257828.1297024
"175","Oberranspach (Ranspach-le-Haut)","Haut-Rhin",380992.137683694,5270497.28314989
"176","Obermichelbach (Michelbach-le-Haut)","Haut-Rhin",383145.306641386,5269259.7129591
"177","Attenschweiler (Attenschwiller)","Haut-Rhin",384333.318023215,5269557.35649968
"178","Volkensberg (Folgensbourg)","Haut-Rhin",383176.427659944,5267618.10055478
"179","Volkensberg (Folgensbourg)","Haut-Rhin",383176.427659944,5267618.10055478
"180","Wenzweiler (Wentzwiller)","Haut-Rhin",385661.492528728,5267452.18969623
"181","Oberhagental (Hagenthal-le-Haut)","Haut-Rhin",384794.648331981,5264332.93189509
"182","Niederhagental (Hagenthal-le-Bas)","Haut-Rhin",385343.954232045,5264502.23914943
"183","Mittelmüspach-Niedermüspach (Muespach)","Haut-Rhin",378155.912990049,5267254.82594025
"184","Buchsweiler (Bouxwiller)","Haut-Rhin",375265.182961076,5262591.66397971
"185","Dürmenach (Durmenach)","Haut-Rhin",374849.865437537,5265081.03299925
"186","Werenzhausen (Werentzhouse)","Haut-Rhin",376368.925885043,5263912.42528931
"187","Fislis","Haut-Rhin",378220.227359546,5262462.69566858
"188","Steinsulz (Steinsoultz)","Haut-Rhin",375320.478800309,5268218.58026501
"189","Berenzweiler (Berentzwiller)","Haut-Rhin",378432.738896297,5271509.54122759
"190","Niederranspach (Ranspach-le-Bas)","Haut-Rhin",383255.778238908,5271734.5593765
"191","Sondersdorf","Haut-Rhin",374569.380651024,5260110.48244611
"192","Oltingen (Oltingue)","Haut-Rhin",379030.137399655,5260714.82344926
"193","Oltingen (Oltingue)","Haut-Rhin",379030.137399655,5260714.82344926
"194","Liebenzweiler (Liebenswiller)","Haut-Rhin",383881.085864796,5261749.47062649
"195","Leimen (Leymen)","Haut-Rhin",385678.931311905,5261334.96322437
"196","Rädersdorf (Raedersdorf)","Haut-Rhin",376918.236548769,5259230.11046182
"197","Lutter","Haut-Rhin",377988.825998579,5258334.94474088
"198","Wolschweiler (Wolschwiller)","Haut-Rhin",379994.668724283,5257695.37002083
"199","Biedertal (Biederthal)","Haut-Rhin",383039.423939268,5258538.77413176
"200","Kiffis","Haut-Rhin",376233.307208213,5255423.25428669
"201","Häsingen (Hésingue)","Haut-Rhin",388781.596239689,5270272.47661592
"202","Buschweiler (Buschwiller)","Haut-Rhin",387903.588565915,5268466.00391335
"203","Hegenheim (Hégenheim)","Haut-Rhin",388925.472791475,5268582.10852707
"204","Sankt Ludwig (Saint-Louis)","Haut-Rhin",391990.295555909,5271259.45489644
"205","Neuweiler (Neuwiller)","Haut-Rhin",388232.020542477,5264508.57207578
"206","Burgfelden (Bourgfelden)","Haut-Rhin",390737.666584984,5270480.10765234
"207","Heidweiler (Heidwiller)","Haut-Rhin",367848.987048899,5279978.95139549
"208","Lümschweiler (Luemschwiller) und Tagolsheim","Haut-Rhin",371406.47572977,5279428.90891828
"209","Obermorschweiler (Obermorschwiller)","Haut-Rhin",373067.25825497,5277938.1140967
"210","Walheim","Haut-Rhin",369629.072081298,5277720.54938307
"211","Aspach","Haut-Rhin",367318.06772432,5277811.67186539
"212","Karspach (Carspach)","Haut-Rhin",365714.950686442,5274999.66703074
"213","Altkirch","Haut-Rhin",367774.260624911,5276224.60184642
"214","Altkirch","Haut-Rhin",367774.260624911,5276224.60184642
"215","Wittersdorf","Haut-Rhin",370620.9725111,5275519.12076895
"216","Emlingen","Haut-Rhin",371702.546626254,5275919.94211542
"217","Tagsdorf","Haut-Rhin",372438.558196082,5275615.80428742
"218","Hausgauen","Haut-Rhin",373966.045066999,5273737.98530149
"219","Hirzbach (Hirtzbach)","Haut-Rhin",366197.508278109,5272765.84126687
"220","Hisingen (Hirsingue)","Haut-Rhin",368781.873981655,5271764.22962314
"221","Obersteinbrunn (Steinbrunn-le-Haut)","Haut-Rhin",375861.16064123,5279671.29115033
"222","Geispitzen","Haut-Rhin",381562.063439891,5280538.64028137
"223","Waltenheim","Haut-Rhin",381875.256556871,5279392.66419799
"224","Uffheim","Haut-Rhin",383062.82281487,5278643.78366902
"225","Sierenz (Sierentz)","Haut-Rhin",384053.784697243,5278910.80230669
"226","Wahlbach","Haut-Rhin",375951.507382107,5276648.46256879
"227","Niedermagstatt (Magstatt-le-Bas)","Haut-Rhin",380686.56272369,5277433.43189297
"228","Stetten","Haut-Rhin",381999.085343709,5275939.10218356
"229","Bartenheim","Haut-Rhin",385596.121368611,5276736.76378754
"230","Franken","Haut-Rhin",376332.338234236,5273095.80884158
"231","Jettingen","Haut-Rhin",377371.8880832,5272679.15317024
"232","Helfrantskirch (Helfrantzkirch)","Haut-Rhin",371825.280553393,5327313.89629302
"233","Niedermichelbach (Michelbach-le-Bas)","Haut-Rhin",384555.554022727,5272194.53818008
"234","Niedermichelbach (Michelbach-le-Bas)","Haut-Rhin",384555.554022727,5272194.53818008
"235","Kappeln (Kappelen)","Haut-Rhin",382896.984728696,5275214.99258408
"236","Brinkheim (Brinckheim)","Haut-Rhin",384222.724246863,5275921.16791248
"237","Rantsweiler (Rantzwiller)","Haut-Rhin",378043.127242727,5278945.81624187
"238","Kötzingen (K?tzingue)","Haut-Rhin",379395.092170957,5278750.86920805
"239","Kötzingen (K?tzingue)","Haut-Rhin",379395.092170957,5278750.86920805
"240","Zässingen (Zaessingue)","Haut-Rhin",377349.034309843,5275773.86826149
"241","Rosenau","Haut-Rhin",389948.682797611,5276978.6346283
"242","Neuweg-Bartenheim","Haut-Rhin",389452.091210462,5275558.32501214
"243","Boltzheim (Blotzheim)","Haut-Rhin",386956.047251659,5273081.39887184
"244","Boltzheim (Blotzheim)","Haut-Rhin",386956.047251659,5273081.39887184
"245","Boltzheim (Blotzheim)","Haut-Rhin",386956.047251659,5273081.39887184
"246","Neudorf (Village-Neuf)","Haut-Rhin",392630.349227626,5273423.2872262
"247","Hüningen (Huningue)","Haut-Rhin",393522.417864042,5271837.17722223
"248","Friesen","Haut-Rhin",360846.025064189,5269650.84264657
"249","Hindlingen","Haut-Rhin",359914.533470417,5270569.36471441
"250","Fessenheim (Gutenstein)","Haut-Rhin",390699.43029175,5307975.25993878
"251","Fessenheim","Haut-Rhin",390699.43029175,5307975.25993878
"252","Blodelsheim","Haut-Rhin",390396.810747869,5304476.59827182
"253","Rumersheim (Rumersheim-le-Haute)","Haut-Rhin",389070.049387929,5300968.61947799
"254","Dollern (Dolleren)","Haut-Rhin",345169.299328907,5296763.17479467
"255","Oberbruck","Haut-Rhin",346010.859566793,5297051.01024576
"256","Rimbach-Pès-Masevaux)","Haut-Rhin",346355.372491678,5298569.92996541
"257","Kirchberg-Wegscheid","Haut-Rhin",347212.025455936,5295980.44846142
"258","Sickert, Niederbruck","Haut-Rhin",348614.712779367,5294173.11924191
"259","Sewen","Haut-Rhin",343284.377759018,5296964.04722712
"260","Masmünster (Masevaux)","Haut-Rhin",349697.734901068,5292986.1103846
"261","Niederbruck","Haut-Rhin",348071.595329469,5294241.83235151
"262","Oberburbach (Bourbach-Les-Haut)","Haut-Rhin",352449.045944307,5295428.6896146
"263","Niederburbach (Bourbach-Le-Bas)","Haut-Rhin",354561.110386197,5293147.80555553
"264","Sentheim","Haut-Rhin",354186.080078661,5290993.17183467
"265","Aue (Lauw)","Haut-Rhin",351775.525498242,5291273.37191861
"266","Rodern","Haut-Rhin",356743.712398726,5293440.38845088
"267","Leimbach","Haut-Rhin",357704.391839679,5295046.94885628
"268","Tann (Thann)","Haut-Rhin",358002.751162399,5296945.64408547
"269","Alttann (Vieux-Thann)","Haut-Rhin",359394.966887289,5296561.36665447
"270","Tann-Bitschweiler (Bitschwiller-Lès-Thann)","Haut-Rhin",356267.728305008,5299112.48729253
"271","Oberasbach (Aspach-Le-Haute)","Haut-Rhin",360172.169537876,5293193.16736299
"272","Niederasbach (Aspach-Le-Bas)","Haut-Rhin",361415.250876484,5291481.96773511
"273","Steinbach","Haut-Rhin",361886.901109691,5297988.11209342
"274","Rammersmatt","Haut-Rhin",355511.108901866,5294689.8007912
"275","Uffholz","Haut-Rhin",363619.610809515,5297880.28834524
"276","Sennheim (Cerany)","Haut-Rhin",363616.471091637,5296698.32205628
"277","Wittelsheim","Haut-Rhin",368280.930455451,5296733.73012294
"278","Wittelsheim","Haut-Rhin",368280.930455451,5296733.73012294
"279","Staffelfelden","Haut-Rhin",369399.90200224,5298488.58692261
"280","Wattweiler (Wattwiller)","Haut-Rhin",363632.2588735,5299623.58731216
"281","Lutterbach","Haut-Rhin",371232.994927329,5291111.04465755
"282","Mülhausen","Haut-Rhin",375861.15287438,5290031.65333837
"283","Mülhausen","Haut-Rhin",375861.15287438,5290031.65333837
"284","Rülisheim","Haut-Rhin",377146.343999193,5297838.54614176
"285","Wittenheim","Haut-Rhin",375715.940727258,5296611.54943685
"286","Kingersheim","Haut-Rhin",375356.72389715,5294328.78188852
"287","Illzach","Haut-Rhin",376281.215627757,5293410.56189476
"288","Sausheim","Haut-Rhin",377899.829463926,5294082.25938053
"289","Baldersheim","Haut-Rhin",378548.782546967,5295514.04006661
"290","Napoleonsinsel (Ile Napoléon), Illzach","Haut-Rhin",376281.215627757,5293410.56189476
"291","Modenheim","Haut-Rhin",377117.452613655,5291921.75961812
"292","Modenheim","Haut-Rhin",377117.452613655,5291921.75961812
"293","Battenheim","Haut-Rhin",378939.103295246,5297270.3948495
"294","Eichwald (Chalampé)","Haut-Rhin",390682.703574785,5296929.89665734
"295","Homburg Kreis Mülhausen (Hombourg)","Haut-Rhin",387964.94431606,5290605.72055017
"296","Ottmarsheim","Haut-Rhin",388131.179633369,5293663.27531469
"297","Banzenheim (Bantzenheim)","Haut-Rhin",388774.250567675,5297883.49559115
"298","Gewenheim","Haut-Rhin",356943.519127835,5290601.99648357
"299","Obersulzbach Kreis Tann (Soppe-Le-Haut)","Haut-Rhin",354337.281638082,5288532.85479932
"300","Niedersulzbach (soppe-Le-Bas)","Haut-Rhin",356806.517535832,5286598.75000311
"301","Oberburnhaupt (Burnhaupt-Le-Haut)","Haut-Rhin",361270.026218206,5287822.54685372
"302","Niederburnhaupt (Burnhaupt-Le-Bas)","Haut-Rhin",362026.076263291,5286456.80663261
"303","Bretten Landkreis Altkirch","Haut-Rhin",355319.543460372,5284717.35575957
"304","St Kosman (Saint-Cosme)","Haut-Rhin",354590.176822919,5282929.61969288
"305","Gildweiler (Gildwiller), Falkweiler, Hecken","Haut-Rhin",360019.399678969,5283464.65265274
"306","Diefmatten Kreis Altkirch","Haut-Rhin",358463.200043167,5285601.80433095
"307","Morzweiler (Mortzwiller)","Haut-Rhin",353151.378834834,5289074.29137072
"308","Schweighausem (Schweighouse-Thann)","Haut-Rhin",362627.015890683,5290443.4484335
"309","Reinigen","Haut-Rhin",367471.466030509,5289929.30608795
"310","Niedermorschweiler (Morschwiller-Le-Bas)","Haut-Rhin",370068.84553802,5288408.36738147
"311","Didenheim","Haut-Rhin",372719.844251917,5286295.94673931
"312","Hochstatt","Haut-Rhin",371011.165665963,5284465.65456829
"313","Zillisheim","Haut-Rhin",372054.550557507,5283684.2731996
"314","Flachslanden (Flaxlanden)","Haut-Rhin",373141.670773319,5283999.56532678
"315","Illfurt (Illfurth)","Haut-Rhin",369752.723954387,5281162.45306538
"316","Illfurt (Illfurth)","Haut-Rhin",369752.723954387,5281162.45306538
"317","Ober- und Niederspechbach (Spechbach-Le-Haut)","Haut-Rhin",366097.429604459,5282371.85060335
"318","Frönigen","Haut-Rhin",370031.628957084,5283324.4282244
"319","Galfingen (Galfingue)","Haut-Rhin",366829.231325729,5285109.30011647
"320","Balschweiler bei Altkirch","Haut-Rhin",362475.462928334,5280995.27748924
"321","Enschingen (Saint-Bernard)","Haut-Rhin",365098.624512878,5281299.67632923
"322","Bernweiler (Bernwiller)","Haut-Rhin",364455.687288051,5283520.7328107
"323","Heimsbrunn","Haut-Rhin",367044.446549404,5287460.5629076
"324","Brunnstatt (Brunstatt)","Haut-Rhin",373817.449408808,5286668.93386391
"325","Rixheim","Haut-Rhin",379864.018238386,5289104.57938155
"326","Napoleoninsel Rixheim","Haut-Rhin",379864.018238386,5289104.57938155
"327","Habsheim","Haut-Rhin",381273.32155267,5287354.45023805
"328","Zimmersheim","Haut-Rhin",379173.607559313,5286451.59732648
"329","Brubach Landkreis Mülhausen","Haut-Rhin",376932.07194162,5284341.67003752
"330","Dietenweiler (Dietwiller)","Haut-Rhin",380164.083779572,5283401.322599
"331","Schlierbach","Haut-Rhin",380414.256549598,5282279.89397229
"332","Landser","Haut-Rhin",379627.6122882,5282688.6048049
"333","Niedersteinbrunn (Steinbrunn-Le-Bas)","Haut-Rhin",377349.066580208,5281159.63140687
"334","Mülhausen-Riedisheim","Haut-Rhin",377700.887503642,5289765.7477755
"335","Eschenzweiler (Eschentzwiller)","Haut-Rhin",379845.767431473,5285577.08593446
"336","Kleinlandau (Petit-Landau)","Haut-Rhin",389087.068389801,5287382.22217149
"337","Kembs-Neuweg","Haut-Rhin",387733.714028431,5282674.27392112
"338","Kembs","Haut-Rhin",387733.714028431,5282674.27392112
"339","Kembs","Haut-Rhin",387733.714028431,5282674.27392112
"340","Niffer","Haut-Rhin",388167.941342312,5285537.62395765
"341","Brückensweiler (Bréchaumont)","Haut-Rhin",354996.600179651,5281400.43659218
"342","Niedertraubach (traubach-Le-Haute)","Haut-Rhin",356742.982595064,5281279.31647277
"343","Büttweiler (Buethwiller)","Haut-Rhin",361072.804781423,5279755.40164884
"344","Hagenbach","Haut-Rhin",361605.102959845,5279076.64877711
"345","Gommersdorf","Haut-Rhin",359787.822381679,5278309.51213413
"346","Dammerkirch (Dannemarie)","Haut-Rhin",358868.744867713,5276913.9385239
"347","Wolfersdorf","Haut-Rhin",358268.990509855,5277596.80953483
"348","Retzweiler","Haut-Rhin",356747.824731759,5277019.09673559
"349","Gottestal, Luttern (Valdieu-Lutran)","Haut-Rhin",354148.199010534,5277158.12753732
"350","Schaffnatt am Weier (Chavannes-Sur-L'Étang)","Haut-Rhin",351634.240312944,5277265.00222655
"351","Mansbach (Manspach)","Haut-Rhin",357608.400140424,5275539.05563503
"352","Altenach","Haut-Rhin",358298.479477571,5274296.82360276
"353","St. Ulrich bei Dammerkirch","Haut-Rhin",358602.717419757,5273042.90477252
"354","Füllern (Fulleren)","Haut-Rhin",360619.289510877,5272917.62892098
"355","Ballersdorf","Haut-Rhin",361935.001434041,5276257.77631294
"356","Menglatt (Magny)","Haut-Rhin",381018.625891856,5273859.94948252
"357","Leberau (Lièpvre)","Haut-Rhin",372496.44689122,5347837.42124067
"358","Markich (Sainte-Marie-Aux-Marines)","Haut-Rhin",364861.548937845,5345114.30709598
"359","klein Leberau (Lièpvre)","Haut-Rhin",372496.44689122,5347837.42124067
"360","Markich (Sainte-Marie-Aux-Marines)","Haut-Rhin",364861.548937845,5345114.30709598
"361","Markich (Sainte-Marie-Aux-Marines)","Haut-Rhin",364861.548937845,5345114.30709598
"362","Glashütte","Haut-Rhin",374047.958677155,5343198.12437177
"363","Tannenkirch (Thannenkirch)","Haut-Rhin",374047.958677155,5343198.12437177
"364","Rappoltsweiler (Ribeauvillé)","Haut-Rhin",375512.157660455,5339169.53663486
"365","Zellenberg","Haut-Rhin",375001.63980389,5336632.04535983
"366","Hunaweier (Hunawihr)","Haut-Rhin",374875.739388194,5337777.90860622
"367","Rodern","Haut-Rhin",377986.180973648,5342565.42990695
"368","Bergheim","Haut-Rhin",377987.455880727,5340504.9448218
"369","Gemar (Guémar)","Haut-Rhin",380551.403485041,5338284.66778055
"370","Illhäusern (Illhaeusern)","Haut-Rhin",383569.073741823,5338011.09904591
"371","Rohrschweier (Rorschwihr)","Haut-Rhin",378394.493901153,5341538.15961873
"372","Neugartheim und Ittlenheim","Haut-Rhin",371233.09365825,5291115.49011501
"373","Dambach","Bas-Rhin",399932.10876882,5428642.20564393
"374","Wengelsbach","Bas-Rhin",406198.170492712,5433923.45893055
"375","Obersteinbach","Bas-Rhin",404518.590226358,5432223.05943372
"376","Niedersteinbach","Bas-Rhin",406069.201624757,5431530.52366197
"377","Wingen","Bas-Rhin",413539.511341058,5431020.98394624
"378","Lembach","Bas-Rhin",411468.459971097,5428941.03443273
"379","Weißenburg-Weiler","Bas-Rhin",420533.568456218,5432216.13995718
"380","Weißenburg (Wissembourg)","Bas-Rhin",423411.839649651,5432134.49785601
"381","Altenstadt","Bas-Rhin",424685.090515333,5431477.74977222
"382","Rott","Bas-Rhin",420537.381795907,5430798.46510584
"383","Oberhoffen-lès-Wissembourg","Bas-Rhin",420910.441883933,5429885.85998023
"384","Steinselz (Steinseltz)","Bas-Rhin",421780.800997444,5429218.64348191
"385","Kleeburg (Cleebourg)","Bas-Rhin",419046.59305503,5428149.32609079
"386","Klimbach (Climbach)","Bas-Rhin",415947.22146561,5430096.69616865
"387","Hinsingen","Bas-Rhin",352962.094150253,5424119.40467883
"388","Altweiler (Altwiller)","Bas-Rhin",352139.351121064,5421664.05992579
"389","Örmingen (Oermingen)","Bas-Rhin",363141.498328134,5429211.61838325
"390","Völlerdingen (Voellerdingen)","Bas-Rhin",392891.249355793,5390104.47202838
"391","Domfessel","Bas-Rhin",364683.202374336,5423702.77059711
"392","Rimsdorf","Bas-Rhin",362716.698774077,5421281.81015208
"393","Saarwerden (Sarrewerden)","Bas-Rhin",359651.258100838,5420531.8734147
"394","Saarbuckenheim (Sarre-Union)","Bas-Rhin",359901.378100787,5422459.79153589
"395","Saarbuckenheim (Sarre-Union)","Bas-Rhin",359901.378100787,5422459.79153589
"396","Keskastel","Bas-Rhin",356805.199395851,5425915.55571588
"397","Schopperten","Bas-Rhin",357450.903183988,5423194.98209716
"398","Harskirchen","Bas-Rhin",356374.831793121,5421982.46186667
"399","Bissert","Bas-Rhin",355353.170974707,5422852.05624964
"400","Dehlingen","Bas-Rhin",367631.990109276,5426827.14228867
"401","Bütten (Butten)","Bas-Rhin",369770.068627355,5425752.28156856
"402","Ratzweiler (Ratzwiller)","Bas-Rhin",371139.912295703,5423947.54479883
"403","Lorenzen (Lorentzen)","Bas-Rhin",366405.700692454,5423779.01204577
"404","Diemeringen","Bas-Rhin",367227.038988961,5422438.0446923
"405","Mackweiler (Mackwiller)","Bas-Rhin",380776.15634388,5398248.3765615
"406","Waldhambach","Bas-Rhin",369270.818857842,5420740.27339382
"407","Rosteig","Bas-Rhin",378303.571254842,5421305.0102987
"408","Wingen (Wingen-Sur-Moder)","Bas-Rhin",381410.245452563,5419550.90305374
"409","Reipertsweiler (Reipertswiller)","Bas-Rhin",387482.588743578,5421049.55763671
"410","Oberbronn","Bas-Rhin",398081.593159655,5421840.55618973
"411","Bad-Niederbronn (Niederbronn-Les-Bains)","Bas-Rhin",400636.512805789,5422905.17877126
"412","Niederbronn (GID von Niederbronn les bains)","Bas-Rhin",400636.512805789,5422905.17877126
"413","Bad-Niederbronn (Niederbronn-Les-Bains)","Bas-Rhin",400636.512805789,5422905.17877126
"414","Reichshofen (Reichshoffen)","Bas-Rhin",402104.873174248,5420783.12239915
"415","Lembach-Pfaffenbronn (Pfaffenbronn)","Bas-Rhin",414494.212306172,5427397.00222734
"416","Mattstall","Bas-Rhin",409376.78237017,5426813.23353743
"417","Lampertsloch","Bas-Rhin",413408.252844195,5423347.66540873
"418","Mitschdorf","Bas-Rhin",362999.836090402,5414792.77972914
"419","Görsdorf (Goersdorf)","Bas-Rhin",409788.014377911,5422752.53636694
"420","Preuschdorf","Bas-Rhin",412441.806646494,5421863.97837542
"421","Merkweiler (Merkwiller-Pechelbronn)","Bas-Rhin",414104.794686955,5421322.14283813
"422","Diefenbach (Dieffenbach-Lès-Woerth)","Bas-Rhin",410230.446761275,5420989.69292132
"423","Oberdorf-Spachbach","Bas-Rhin",408945.667551108,5419876.4287695
"424","Wört (Woerth)","Bas-Rhin",407998.716383519,5421187.37039188
"425","Fröschweiler (Fr?schwiller)","Bas-Rhin",406397.390151392,5421926.81733289
"426","Nehweiler (Nehwiller)","Bas-Rhin",405076.77963212,5423899.51709883
"427","Langensulzbach (Langensoultzbach)","Bas-Rhin",407319.360050893,5424684.49838274
"428","Riedselz (Riedseltz)","Bas-Rhin",423332.532410502,5427185.67389001
"429","Bremmelbach","Bas-Rhin",419538.182150523,5426482.17826176
"430","Ingolsheim","Bas-Rhin",422162.142179568,5425062.7722132
"431","Oberseebach","Bas-Rhin",426039.287131697,5424301.59069798
"432","Hunspach","Bas-Rhin",422628.87333646,5422835.92021025
"433","Aschbach","Bas-Rhin",425488.85909745,5420643.2758143
"434","Stundweiler (Stundwiller)","Bas-Rhin",426202.895907671,5419581.98809765
"435","Leitersweiler (Leiterswiller)","Bas-Rhin",422914.312800171,5419548.7265828
"436","Hofen (Hoffen)","Bas-Rhin",422445.200158948,5419954.38845552
"437","Kühlendorf (Kuhlendorf) und Hohweiler","Bas-Rhin",421095.847292637,5418463.48208837
"438","Hermersweiler (Hermerswiller)","Bas-Rhin",420323.142882689,5420898.29206768
"439","Schönenburg (Schoenenbourg)","Bas-Rhin",420441.892821202,5422696.66496419
"440","Sulz u. W. (Soultz-Sous-Forêts)","Bas-Rhin",418175.416066671,5421145.15801783
"441","Kutzenhausen","Bas-Rhin",416232.362325339,5420721.54315424
"442","Retschweiler (Retschwiller)","Bas-Rhin",417880.919301002,5422531.53223941
"443","Memmelshofen (Memmelshoffen)","Bas-Rhin",417361.320069043,5423637.74594517
"444","Keffenach","Bas-Rhin",418188.203523164,5424154.76102958
"445","Birlenbach","Bas-Rhin",418254.435765673,5425422.41708591
"446","Drachenbronn","Bas-Rhin",417354.021188869,5426543.15401507
"447","Lobsann","Bas-Rhin",415591.546305293,5424013.46012678
"448","Oberkutzenhausen","Bas-Rhin",415086.878967162,5421263.70538689
"449","Zollingen","Bas-Rhin",359051.705563588,5419287.94108979
"450","Pisdorf (Bischtroff-sur-Sarre)","Bas-Rhin",358553.885654518,5418190.52336006
"451","Burbach","Bas-Rhin",361657.06878698,5418217.13606957
"452","Tal bei Drulingen (Thal-Drulingen)","Bas-Rhin",364093.720557857,5419090.29987748
"453","Berg","Bas-Rhin",364639.468938525,5417413.137136
"454","Güngweiler (Gungwiller)","Bas-Rhin",364934.562542934,5415942.31139432
"455","Eyweiler (Eywiller)","Bas-Rhin",362999.699537875,5414787.22198662
"456","Eschweiler (Eschwiller)","Bas-Rhin",361854.033129342,5413558.67063933
"457","Weyer","Bas-Rhin",365012.678251284,5412956.38197966
"458","Bärendorf (Baerendorf)","Bas-Rhin",359453.059399726,5411151.68827363
"459","Wolfskirchen","Bas-Rhin",358945.10520828,5415771.44899364
"460","Wolfskirchen","Bas-Rhin",358945.10520828,5415771.44899364
"461","Diedendorf","Bas-Rhin",357010.650064144,5415804.0513801
"462","Puberg","Bas-Rhin",376514.704256147,5419178.01337904
"463","Hinsburg (Hinsbourg)","Bas-Rhin",374587.796296805,5418536.00754492
"464","Frohmühl (Frohmuhl)","Bas-Rhin",373969.837713887,5418603.34008021
"465","Weislingen","Bas-Rhin",371911.78521983,5419901.46806712
"466","Tieffenbach","Bas-Rhin",371750.047978872,5418352.62339816
"467","Strut (Struth)","Bas-Rhin",372070.021857441,5416705.95640552
"468","Petersbach","Bas-Rhin",373042.397129198,5414351.56519312
"469","Lützelstein (La Petite-Pierre)","Bas-Rhin",376831.283697007,5413101.1096336
"470","Adamsweiler (Adamswiller)","Bas-Rhin",368350.200387987,5418409.70603464
"471","Dürstel (Durstel)","Bas-Rhin",367873.8861567,5416967.36085205
"472","Bettweiler (Bettwiller)","Bas-Rhin",366575.391493394,5416398.83050642
"473","Aßweiler (Asswiller)","Bas-Rhin",369482.882169226,5415682.70007016
"474","Drulingen","Bas-Rhin",367245.322868003,5414161.79956546
"475","Ottweiler (Ottwiller)","Bas-Rhin",370261.772588145,5413975.1483556
"476","Lohr","Bas-Rhin",371162.412604783,5413100.14021761
"477","Sieweiler (Siewiller)","Bas-Rhin",368429.463506793,5411573.52288986
"478","Berg, Rexingen","Bas-Rhin",366364.087046689,5417955.40618486
"479","Lichtenberg","Bas-Rhin",388783.328143805,5419851.32986727
"480","Wimmenau","Bas-Rhin",384198.015812423,5418693.76065368
"481","Zittersheim","Bas-Rhin",378745.524825128,5417608.74774427
"482","Erkartsweiler (Erckartswiller)","Bas-Rhin",379720.003417554,5414893.03498462
"483","Sparsbach","Bas-Rhin",383811.327057805,5415053.15245734
"484","Weinburg (Weinbourg)","Bas-Rhin",385627.732678376,5414351.70616868
"485","Ingweiler (Ingwiller)","Bas-Rhin",388565.938721624,5414475.70192486
"486","Menchhofen (Menchhoffen)","Bas-Rhin",389611.540770512,5412934.78609932
"487","Uttweiler (Uttwiller)","Bas-Rhin",388971.884589417,5411430.69442975
"488","Niedersulzbach (Niedersoultzbach)","Bas-Rhin",387477.554815412,5411829.81075683
"489","Obersulzbach (Obersoultzbach)","Bas-Rhin",386304.351853961,5412132.70802939
"490","Weitersweiler (Weiterswiller)","Bas-Rhin",383613.604730582,5412326.0730593
"491","Zinsweiler","Bas-Rhin",396717.741531873,5419476.07262758
"492","Offweiler","Bas-Rhin",393238.531221175,5418497.54036902
"493","Rotbach","Bas-Rhin",392193.469954579,5418013.93586974
"494","Bischholz","Bas-Rhin",392981.263152089,5416589.84668453
"495","Mühlhausen","Bas-Rhin",393893.039112546,5415377.02570952
"496","Uhrweiler (Uhrwiller)","Bas-Rhin",395807.253071184,5414911.69815021
"497","Engweiler","Bas-Rhin",398466.805358281,5415605.41694267
"498","Gumbrechtshofen","Bas-Rhin",399745.701948134,5417846.19774111
"499","Gundershofen","Bas-Rhin",401748.31244449,5417930.60352703
"500","Mietesheim","Bas-Rhin",400165.462211534,5414803.04562075
"501","Bitschhofen","Bas-Rhin",398715.751489186,5412676.4562131
"502","Überach (Uberach)","Bas-Rhin",399350.005036072,5411515.22884471
"503","Niedermodern","Bas-Rhin",399227.692326948,5411162.72613528
"504","Pfaffenhofen","Bas-Rhin",397929.221218166,5411071.78781577
"505","Kindweiler","Bas-Rhin",397122.491339879,5413093.68086511
"506","Zutzendorf","Bas-Rhin",393615.261469617,5412270.98897606
"507","Schillersdorf","Bas-Rhin",391861.665657817,5414399.69534831
"508","Obermodern","Bas-Rhin",392831.86357174,5411216.24976876
"509","Pfaffenhofen -Volksberg","Bas-Rhin",397929.221218166,5411071.78781577
"510","Gunstett","Bas-Rhin",409496.585974262,5418835.60498321
"511","Eberbach","Bas-Rhin",406001.185433241,5418415.39040277
"512","Forstheim","Bas-Rhin",405792.165852561,5416586.48796962
"513","Morsbronn (Morsbronn-Les-Bains)","Bas-Rhin",407865.142616071,5417142.24655967
"514","Hagenheim (Hegeney)","Bas-Rhin",408049.732223986,5416156.27807672
"515","Dürrenbach (Durrenbach)","Bas-Rhin",409701.030691852,5416709.68430366
"516","Biblisheim","Bas-Rhin",411464.872084564,5417032.73368719
"517","Walburg","Bas-Rhin",411252.824982917,5415547.29941564
"518","Eschbach","Bas-Rhin",407346.912824788,5414277.68702376
"519","Laubach","Bas-Rhin",406180.509683849,5415092.20225998
"520","Merzweiler (Mertzwiller)","Bas-Rhin",403140.756513807,5413021.52410857
"521","Griesbach","Bas-Rhin",403135.530290011,5416098.31001943
"522","Kühlendorf (Kuhlendorf)","Bas-Rhin",421095.847292637,5418463.48208837
"523","Reimersweiler","Bas-Rhin",418245.162594865,5418462.35212383
"524","Surburg","Bas-Rhin",415671.360926071,5418069.33006099
"525","Schwabweiler","Bas-Rhin",417675.090191159,5417177.67021208
"526","Oberbetschdorf","Bas-Rhin",419242.905968439,5416768.91532883
"527","Betschdorf","Bas-Rhin",420578.597703617,5416775.28863453
"528","Niederbetschdorf","Bas-Rhin",420621.315498531,5416737.98945267
"529","Rittershofen","Bas-Rhin",423481.171630013,5417132.70265829
"530","Hatten","Bas-Rhin",425085.068544022,5417035.30157481
"531","Walburg-Hinterfeld (Hinterfeld)","Bas-Rhin",408775.521536034,5415211.47209426
"532","Hirschland","Bas-Rhin",361551.186089832,5411053.65784215
"533","Kirberg (Kirrberg)","Bas-Rhin",357755.54633988,5409624.17762135
"534","Rauweiler","Bas-Rhin",361174.442512514,5408213.49286059
"535","Goerlingen","Bas-Rhin",359179.850772327,5406602.8334987
"536","Etschburg (Eschbourg)","Bas-Rhin",374894.214365494,5408031.82659233
"537","Graufthal","Bas-Rhin",373810.53823151,5408799.08928
"538","Schönburg (Schoenbourg)","Bas-Rhin",372915.920477443,5410439.73878412
"539","Büst (Bust)","Bas-Rhin",370516.54618911,5409964.37121022
"540","Pfalzweier (-weyer)","Bas-Rhin",372102.289899948,5407289.85144086
"541","Buchsweiler (Bouxwiller)","Bas-Rhin",388327.376406832,5409149.46844284
"542","Buchsweiler (Bouxwiller)","Bas-Rhin",388327.376406832,5409149.46844284
"543","Riedheim","Bas-Rhin",388371.931883658,5407520.59607807
"544","Imbsheim","Bas-Rhin",386474.391380919,5406559.11460134
"545","Griesbach Le Bastberg","Bas-Rhin",385266.473210791,5407907.09030423
"546","Neuweiler (Neuwiller-Lès-Saverne)","Bas-Rhin",382811.525661695,5409110.11978753
"547","Dossenheim (Dossenheim-Sur-Zinsel)","Bas-Rhin",382621.287916881,5407114.64791169
"548","Hattmatt","Bas-Rhin",384238.804424402,5405485.14308153
"549","Ernolsheim (Ernoldsheim-Lès-Saverne)","Bas-Rhin",381030.826479982,5405312.26662469
"550","St. Johann (Saint-Jean-Saverne)","Bas-Rhin",379542.420094449,5403107.76350497
"551","Eckartsweiler","Bas-Rhin",379270.484328014,5402905.66703978
"552","Steinburg (Steinbourg)","Bas-Rhin",383414.035305845,5403069.13991282
"553","Rosenweiler-Dettweiler","Bas-Rhin",386165.627638315,5402792.31617251
"554","Dettweiler","Bas-Rhin",387312.195136167,5401250.1151413
"555","Gottesheim","Bas-Rhin",388281.617538822,5403660.40792485
"556","Gottesheim-Prinzheim","Bas-Rhin",388302.914786822,5405352.45079381
"557","Dauendorf","Bas-Rhin",401296.224252921,5409401.16591601
"558","Morschweiler","Bas-Rhin",399206.565367194,5408324.32489014
"559","Ettendorf","Bas-Rhin",396056.210398828,5407717.09792036
"560","Büsweiler (Buswiller)","Bas-Rhin",394241.218565895,5408475.0452022
"561","Schalkendorf","Bas-Rhin",394297.04077611,5409795.00979247
"562","Kirrweiler","Bas-Rhin",392099.859251757,5407744.27570368
"563","Dringendorf","Bas-Rhin",393837.578808183,5407094.96084312
"564","Hüttendorf","Bas-Rhin",400324.310832689,5406358.39699148
"565","Minversheim","Bas-Rhin",398585.360197543,5404558.31388348
"566","Alteckendorf","Bas-Rhin",396798.592208552,5405366.02069948
"567","Lixhausen","Bas-Rhin",393310.398503878,5405602.72498739
"568","Zöbersdorf","Bas-Rhin",391699.621158092,5405583.650691
"569","Zöbersdorf","Bas-Rhin",391699.621158092,5405583.650691
"570","Bosselshausen","Bas-Rhin",390509.752518825,5406875.60328422
"571","Wickersheim","Bas-Rhin",392132.795290876,5404387.68632741
"572","Bossendorf","Bas-Rhin",394203.695337233,5404162.43982474
"573","Melsheim","Bas-Rhin",391210.447162346,5401734.5718911
"574","Melsheim","Bas-Rhin",391210.447162346,5401734.5718911
"575","Hochfelden","Bas-Rhin",394903.398918062,5401468.32851292
"576","Schwindratzheim","Bas-Rhin",397088.769503907,5401288.74338168
"577","Wittersheim","Bas-Rhin",401570.313081085,5404202.55160374
"578","Uhlweiler","Bas-Rhin",402663.118508609,5408346.42946934
"579","Ohlungen","Bas-Rhin",404583.154136243,5407357.07121224
"580","Schweighausen (Schweighouse-Sur-Moder)","Bas-Rhin",407158.011026326,5408385.56347303
"581","Schweighausen (Schweighouse-Sur-Moder)","Bas-Rhin",407158.011026326,5408385.56347303
"582","Hagenau","Bas-Rhin",411073.047004995,5407525.77925132
"583","Walk (La Walck)","Bas-Rhin",397999.11993752,5411483.04376612
"584","Gries","Bas-Rhin",412812.481691172,5400634.92370456
"585","Weitbruch","Bas-Rhin",410023.183632751,5400776.88553751
"586","Niederschäffolsheim","Bas-Rhin",407304.09283002,5402889.32235666
"587","Kriegsheim","Bas-Rhin",406429.246838622,5401246.06508841
"588","Rottelsheim","Bas-Rhin",405512.182351381,5401226.99655719
"589","Bernolsheim","Bas-Rhin",403778.385664636,5401083.06603673
"590","Wahlenheim","Bas-Rhin",403378.962439054,5401922.75593594
"591","Hochstett","Bas-Rhin",402863.288831477,5403679.59352843
"592","Batzendorf","Bas-Rhin",404972.643251352,5404174.85641858
"593","Wintershausen","Bas-Rhin",404722.334360684,5405311.02488948
"594","Sufflenheim","Bas-Rhin",423617.684777081,5409056.86140217
"595","Schirrhofen","Bas-Rhin",420649.899160642,5406519.93486986
"596","Schirrhein","Bas-Rhin",419637.379909067,5405971.81956621
"597","Kaltenhausen","Bas-Rhin",414448.190712139,5404811.33443335
"598","Oberhofen (Oberhoffen-Sur-Moder)","Bas-Rhin",416496.785370333,5403954.28440858
"599","Bischweiler","Bas-Rhin",416167.426527336,5402322.59654519
"600","Rohrwiller","Bas-Rhin",419550.551550728,5400900.97744454
"601","Hagenau","Bas-Rhin",411073.047004995,5407525.77925132
"602","Falhünden (Dalhünden)","Bas-Rhin",425671.177517214,5402789.80388343
"603","Silzheim (Siltzheim)","Bas-Rhin",360525.628716431,5436059.39343292
"604","Herbitzheim","Bas-Rhin",359870.578045415,5430847.08350483
"605","Elsenheim","Bas-Rhin",388554.850019308,5335317.65917761
"606","Marckolsheim","Bas-Rhin",391878.325066051,5335939.85465293
"607","Rosheim","Bas-Rhin",386899.10508169,5372587.16787625
"608","Rosheim","Bas-Rhin",386899.10508169,5372587.16787625
"609","Rosheim","Bas-Rhin",386899.10508169,5372587.16787625
"610","Bischofsheim (Bischoffsheim)","Bas-Rhin",388924.604182398,5371487.31295333
"611","Börsch (Boersch)","Bas-Rhin",384702.275440994,5370357.59648267
"612","Börsch (Boersch)","Bas-Rhin",384702.275440994,5370357.59648267
"613","Oberehnheim (Obernai)","Bas-Rhin",388007.695177745,5368782.26412204
"614","Bernhardsweiler ( Bernardvillé)","Bas-Rhin",381506.236920954,5358335.38412454
"615","Ottrott","Bas-Rhin",384153.28417607,5368677.51695894
"616","Ottrott","Bas-Rhin",384153.28417607,5368677.51695894
"617","St. Nabor (Sain-Nabor)","Bas-Rhin",383472.656617811,5367050.23036378
"618","Heiligenstein","Bas-Rhin",385451.500776734,5363900.83045917
"619","Burgheim (Bourgheim)","Bas-Rhin",388325.566876364,5364012.46925444
"620","Goxweiler (Goxwiller)","Bas-Rhin",387887.722120024,5365524.44639043
"621","Klingenthal","Bas-Rhin",383051.626497305,5370015.64688292
"622","Griesheim (Griesheim-Près-Molsheim)","Bas-Rhin",391582.555500486,5373179.19797177
"623","Innenheim","Bas-Rhin",394614.261955274,5372462.47416866
"624","Lipsheim","Bas-Rhin",401712.546738879,5371934.28402025
"625","Krautergersheim","Bas-Rhin",393987.587898601,5370215.9234711
"626","Meistratzheim","Bas-Rhin",392333.006771399,5367183.87848546
"627","Niederehnheim (Niedernai)","Bas-Rhin",390396.518322012,5367722.52077575
"628","Walf (Valff))","Bas-Rhin",390552.722066363,5364208.07097061
"629","Bolsenheim","Bas-Rhin",397150.708827703,5363931.01600115
"630","Schäfersheim (Schaeffersheim)","Bas-Rhin",397907.60911768,5364863.52330367
"631","Erstein","Bas-Rhin",401077.514415342,5363968.94601663
"632","Limersheim","Bas-Rhin",399886.478890323,5367720.13694051
"633","Fegersheim","Bas-Rhin",402440.149557845,5371572.55632102
"634","Fegersheim","Bas-Rhin",402440.149557845,5371572.55632102
"635","Eschau","Bas-Rhin",405094.528425294,5371333.90525091
"636","Plobsheim","Bas-Rhin",405638.792573838,5369270.13554446
"637","Hipsheim","Bas-Rhin",401871.908766251,5369065.16376966
"638","Le Hohwald","Bas-Rhin",376405.516469045,5362484.07634807
"639","Breitenbach","Bas-Rhin",373502.128189294,5358294.61450324
"640","Meisengott (Maisonsgoutte)","Bas-Rhin",371353.349627379,5357026.25258842
"641","St. Martin (Saint-Martin)","Bas-Rhin",373267.247580914,5356668.51403878
"642","Erlenbach (Albé)","Bas-Rhin",375423.035551298,5357292.46861485
"643","Weiler (Villé)","Bas-Rhin",374233.781134156,5355764.08850956
"644","Bassenberg (Bassemberg)","Bas-Rhin",372937.057269327,5355028.98468678
"645","Triembach (Triembach-Au-Val)","Bas-Rhin",375787.537186532,5355185.02240983
"646","Gertweiler (Gertwiller)","Bas-Rhin",386628.460888771,5363127.71329285
"647","Barr","Bas-Rhin",385470.446769907,5362640.61406727
"648","Barr","Bas-Rhin",385470.446769907,5362640.61406727
"649","Barr","Bas-Rhin",385470.446769907,5362640.61406727
"650","Mittelbergheim","Bas-Rhin",384712.638518721,5361490.65492248
"651","Eichhofen (Eichhoffen)","Bas-Rhin",384697.369426211,5360156.63066553
"652","Andlau","Bas-Rhin",382836.22392415,5360452.73893806
"653","Bernhardsweiler ( Bernardvillé)","Bas-Rhin",381506.236920954,5358335.38412454
"654","Reichsfeld","Bas-Rhin",380479.790845048,5358253.49155019
"655","Zellweiler (Zellwiller)","Bas-Rhin",388812.790265051,5361607.81002009
"656","Stotzheim","Bas-Rhin",388070.543985255,5359453.05462186
"657","St. Peter (Saint-Pierre)","Bas-Rhin",386731.201813941,5359857.68925579
"658","Epfig","Bas-Rhin",386329.030234806,5357232.68313251
"659","Epfig","Bas-Rhin",386329.030234806,5357232.68313251
"660","Ittersweiler (Itterswiller)","Bas-Rhin",383875.595425402,5357930.59380467
"661","Nothalten","Bas-Rhin",382909.063636155,5356442.64111922
"662","Blienschweiler (Blienschwiller)","Bas-Rhin",382804.664274281,5355441.81561719
"663","Uttenheim","Bas-Rhin",396140.200334019,5362906.5119719
"664","Westhausen (Westhouse)","Bas-Rhin",395522.151140029,5361302.31714272
"665","Kerzfeld (Kertzfeld)","Bas-Rhin",394315.21884617,5359275.48912436
"666","Benfeld","Bas-Rhin",395866.338206468,5358673.08821328
"667","Benfeld","Bas-Rhin",395866.338206468,5358673.08821328
"668","Benfeld","Bas-Rhin",395866.338206468,5358673.08821328
"669","Sand","Bas-Rhin",397391.461122285,5359770.50947814
"670","Matzenheim","Bas-Rhin",398351.592488357,5361273.13007759
"671","Osthausen (Osthouse)","Bas-Rhin",399256.859731905,5361840.69656182
"672","Herbsheim","Bas-Rhin",398662.297827365,5355739.46012966
"673","Roßfeld (Rossfeld)","Bas-Rhin",397496.567073471,5354677.43427758
"674","Hüttenheim (Huttenheim)","Bas-Rhin",394672.761044706,5357067.33280952
"675","Sermersheim","Bas-Rhin",392711.191996993,5355806.49042329
"676","Kogenheim","Bas-Rhin",391975.615307425,5354893.11860301
"677","Daubensand","Bas-Rhin",404912.986027959,5355958.26367578
"678","Obenheim","Bas-Rhin",402896.038332463,5357059.73192978
"679","Gerstheim","Bas-Rhin",403616.354837693,5359683.57928836
"680","Neukirch (Neuve-Église)","Bas-Rhin",374989.145786759,5354211.73534821
"681","Diefenbach (Dieffenbach-Au-Val)","Bas-Rhin",376014.982229777,5352695.85481543
"682","Wanzel (La Vancelle)","Bas-Rhin",374036.562167936,5349266.54245838
"683","St Moritz (Saint-Maurice)","Bas-Rhin",376632.605089692,5353950.09079866
"684","St Petersholz (Saint Pierre Bois)","Bas-Rhin",378509.788637963,5353966.36912887
"685","Tannweiler (Thanvillé)","Bas-Rhin",377961.442912462,5353604.49023817
"686","Gereut (Neubois)","Bas-Rhin",376861.485102079,5351677.78464223
"687","Dambach (Dambach-La-Ville)","Bas-Rhin",383495.078272518,5353175.93336198
"688","Diefental (Dieffenthal)","Bas-Rhin",382974.193807774,5351936.80815235
"689","Scherweiler (Scherwiller)","Bas-Rhin",382781.924888551,5349444.46194092
"690","Kestenholz (Châtenois)","Bas-Rhin",381217.175862179,5347752.26984696
"691","Kinzheim (Kintzheim)","Bas-Rhin",380847.983253449,5345822.97088681
"692","Schlettstadt (Sélestat)","Bas-Rhin",385127.961560527,5346112.02786293
"693","Schlettstadt (Sélestat)","Bas-Rhin",385127.961560527,5346112.02786293
"694","Schlettstadt (Sélestat)","Bas-Rhin",385127.961560527,5346112.02786293
"695","Ebersheim","Bas-Rhin",388872.822507103,5351573.88250243
"696","Ebersmünster (Ebersmunster)","Bas-Rhin",390349.098430533,5351967.75085877
"697","Witternheim","Bas-Rhin",397163.862013022,5352102.84616287
"698","Diebolsheim","Bas-Rhin",400733.899616564,5349415.51553381
"699","Bindernheim","Bas-Rhin",396670.171446976,5348766.25099954
"700","Hilsenheim","Bas-Rhin",393757.941750212,5349585.92575057
"701","Müttersholz (Muttersholtz)","Bas-Rhin",391152.022282955,5347061.16826502
"702","Wittisheim","Bas-Rhin",395329.94845189,5346543.68677536
"703","Sundhausen (Sundhouse)","Bas-Rhin",396318.2988754,5345170.28205568
"704","Sundhausen (Sundhouse)","Bas-Rhin",396318.2988754,5345170.28205568
"705","Boofzheim","Bas-Rhin",402195.306418486,5354058.72343204
"706","Friesenheim","Bas-Rhin",401416.88752646,5351578.35818574
"707","Rheinau (Rhinau)","Bas-Rhin",406180.509683849,5415092.20225998
"708","Orschweiler (Orschwiller)","Bas-Rhin",380053.329578592,5344441.9213713
"709","St. Pilt (saint-Hyppolyte)","Bas-Rhin",380053.329578592,5344441.9213713
"710","Mussig","Bas-Rhin",390105.061573184,5342926.18098071
"711","Baldenheim","Bas-Rhin",391536.917570006,5343724.88900793
"712","Bösenbiesen (Boesenbiesen)","Bas-Rhin",393341.125501481,5342813.60404119
"713","Schwobsheim","Bas-Rhin",394167.839008249,5343168.45028282
"714","Richtolsheim","Bas-Rhin",395643.052015197,5342274.03285647
"715","Saasenheim","Bas-Rhin",397276.29689375,5343239.47583988
"716","Schönau (Schoenau)","Bas-Rhin",399520.95186313,5342014.29407212
"717","Artolsheim","Bas-Rhin",394042.344134618,5340570.171391
"718","Hessenheim","Bas-Rhin",392377.813101991,5340696.93292608
"719","Heidolsheim","Bas-Rhin",389678.748809885,5339741.10757526
"720","Ohnenheim","Bas-Rhin",389045.765135626,5337805.37055967
"721","Boozheim (Bootzheim)","Bas-Rhin",393757.708086994,5338252.8206176
"722","Mackenheim","Bas-Rhin",393411.478944098,5337786.73736406
"723","Sankt Gallen","Bas-Rhin",376935.331930131,5394345.73071413
"724","Reinhardsmünster","Bas-Rhin",376131.327999923,5392977.77815718
"725","Otterstal","Bas-Rhin",378607.997633878,5401611.09168557
"726","Zabern","Bas-Rhin",379868.807896927,5399783.47893839
"727","Zabern","Bas-Rhin",379868.807896927,5399783.47893839
"728","Zabern","Bas-Rhin",379868.807896927,5399783.47893839
"729","Ottersweiler (Otterswiller)","Bas-Rhin",380776.038126103,5398242.81885063
"730","Schweinheim (Schwenheim)","Bas-Rhin",383273.994241188,5396767.96161211
"731","Furchhausen","Bas-Rhin",385200.149410663,5397358.70836074
"732","Altenheim","Bas-Rhin",387060.731415206,5397418.77564855
"733","Lupstein","Bas-Rhin",388603.265133758,5399397.27835999
"734","Lupstein","Bas-Rhin",388603.265133758,5399397.27835999
"735","Friedolsheim","Bas-Rhin",388570.541253662,5396010.81365496
"736","Männolsheim","Bas-Rhin",386876.447911815,5395212.95249545
"737","Wolschheim","Bas-Rhin",386037.61528454,5395662.49760385
"738","Lochweiler","Bas-Rhin",383455.694775891,5394922.6758421
"739","Kleingöft","Bas-Rhin",385473.405954282,5394344.03072932
"740","Westhausen (Westhouse-Marmoutier)","Bas-Rhin",385892.496069953,5393701.65372013
"741","Knörsheim","Bas-Rhin",386682.467205485,5393115.19748056
"742","Landersheim","Bas-Rhin",389355.136544631,5394110.47935875
"743","Tal bei Maursmünster (Marmoutier)","Bas-Rhin",378750.361645341,5395715.19524628
"744","Maursmünster","Bas-Rhin",380858.320317309,5394322.23764353
"745","Reutenburg","Bas-Rhin",382709.075027775,5393681.6472937
"746","Dimbstal","Bas-Rhin",379209.861773399,5392371.35969386
"747","Zehnacker","Bas-Rhin",385949.857196198,5392066.96386122
"748","Hägen","Bas-Rhin",377847.604788851,5397018.10236553
"749","Waldolwisheim","Bas-Rhin",385016.991145565,5398903.71297667
"750","Gingsheim","Bas-Rhin",396208.996459261,5396896.14230397
"751","Schaffhausen bei Hochfelden (schaffhouse-sur-Zorn)","Bas-Rhin",394268.255475184,5398705.96135801
"752","Mutzenhausen (Mutzenouse)","Bas-Rhin",396206.055489265,5399637.12337097
"753","Waltenheim","Bas-Rhin",399265.782530474,5400352.94597641
"754","Wingersheim","Bas-Rhin",399512.293056697,5397450.85996703
"755","Hohatzenheim","Bas-Rhin",398195.809298155,5396785.21943383
"756","Mittelhausen","Bas-Rhin",399292.821614444,5396044.88957245
"757","Bilwisheim","Bas-Rhin",401290.887315938,5395970.45290483
"758","Mittelschäffolsheim","Bas-Rhin",400759.579950031,5395013.58407221
"759","Rumersheim","Bas-Rhin",399577.498792202,5394147.31378009
"760","Gimbrett","Bas-Rhin",397554.555641911,5394588.61655162
"761","Reitweiler","Bas-Rhin",398077.236571345,5392361.93617157
"762","Berstett","Bas-Rhin",401183.691400449,5392639.97922198
"763","Dunzenheim","Bas-Rhin",392260.87926558,5396562.52345927
"764","Sässolsheim","Bas-Rhin",390755.097271696,5396136.85905371
"765","Gugenheim","Bas-Rhin",394483.787589766,5395304.9019947
"766","Rohr","Bas-Rhin",393106.035953697,5394690.50004242
"767","Kienheim","Bas-Rhin",395392.40787312,5393864.6076816
"768","Willgottheim","Bas-Rhin",390425.030201104,5391932.27377434
"769","Wilwisheim","Bas-Rhin",390279.347236517,5400516.21698001
"770","Ingenheim","Bas-Rhin",391244.927751114,5399041.81135329
"771","Schnersheim","Bas-Rhin",394546.237697966,5390437.88473647
"772","Krautweiler","Bas-Rhin",403437.522935328,5399136.44415883
"773","Brumath","Bas-Rhin",405171.800978469,5398272.91285186
"774","Geudertheim","Bas-Rhin",407835.425898141,5397391.24427727
"775","Bietlenheim","Bas-Rhin",410457.408206544,5396939.59264293
"776","Kurzenhausen","Bas-Rhin",412436.606669897,5399258.76585142
"777","Vegersheim (Fegersheim)","Bas-Rhin",402440.149557845,5371572.55632102
"778","Hördt","Bas-Rhin",410425.884603391,5394089.32057758
"779","Olwisheim","Bas-Rhin",402508.484752196,5394599.31911314
"780","Eckwersheim","Bas-Rhin",403835.048015376,5392978.65364243
"781","Vendenheim","Bas-Rhin",405233.959995223,5391497.20337796
"782","Herlisheim (Herrlisheim)","Bas-Rhin",419588.203527234,5397991.9533515
"783","Offendorf","Bas-Rhin",420091.949239669,5395973.50560477
"784","Gambsheim","Bas-Rhin",417555.105482264,5393777.71276123
"785","Kilstett","Bas-Rhin",415927.908519606,5391927.3354283
"786","Engenthal","Bas-Rhin",374865.874003339,5388237.26030277
"787","Wangenburg","Bas-Rhin",375263.175088487,5386908.40953932
"788","Engental","Bas-Rhin",374865.874003339,5388237.26030277
"789","Birkenwald","Bas-Rhin",378130.105101709,5390842.26442364
"790","Salental","Bas-Rhin",380019.552284366,5391763.5087057
"791","Maursmünster (Marmoutier)","Bas-Rhin",380858.320317309,5394322.23764353
"792","Singrist","Bas-Rhin",381288.784716232,5392082.37986078
"793","Jettersweiler","Bas-Rhin",383294.564309107,5392022.54730075
"794","Krastatt","Bas-Rhin",384126.871260893,5390667.56806295
"795","Rangen","Bas-Rhin",387984.943941385,5391484.46879249
"796","Hohengöft","Bas-Rhin",387567.108736421,5390995.76066032
"797","Romansweiler","Bas-Rhin",382753.786259492,5389154.80176322
"798","Wasselnheim (Wasselonne)","Bas-Rhin",385606.333141196,5388287.60901649
"799","Wasselnheim (Wasselonne)","Bas-Rhin",385606.333141196,5388287.60901649
"800","Wangen","Bas-Rhin",386975.757093617,5386164.94552814
"801","Marlenheim, Kärchheim","Bas-Rhin",388760.658568237,5386426.26797374
"802","Kirchheim","Bas-Rhin",389155.792576301,5385153.05679591
"803","Odratzheim","Bas-Rhin",388513.391446074,5384215.01615307
"804","Scharrachbergheim","Bas-Rhin",389087.687054645,5383305.2106127
"805","Tränheim","Bas-Rhin",386800.789882799,5383623.14946976
"806","Allenweiler","Bas-Rhin",380545.227745506,5390435.65649347
"807","Hengweiler","Bas-Rhin",377246.412559743,5391937.97586548
"808","Koßweiler (Cosswiller)","Bas-Rhin",382048.497009974,5387746.17519194
"809","Westhofen","Bas-Rhin",385249.524872923,5384631.98409521
"810","Winzenheim (Wintzenheim-Kochersberg)","Bas-Rhin",390622.865967791,5390631.86987041
"811","Ittlenheim","Bas-Rhin",392891.249355793,5390104.47202838
"812","Truchtersheim","Bas-Rhin",397445.445504122,5390951.29687321
"813","Pfettisheim","Bas-Rhin",400096.60420029,5390595.52883292
"814","Wiwersheim","Bas-Rhin",397409.325762719,5388366.75629932
"815","Offenheim","Bas-Rhin",398203.570802129,5387463.90728816
"816","Stutzheim-Offenheim","Bas-Rhin",398203.570802129,5387463.90728816
"817","Küttolsheim","Bas-Rhin",391379.941685435,5388868.07916411
"818","Nordheim","Bas-Rhin",390229.710831999,5388001.96642514
"819","Fessenheim (Fessenheim-le-Bas)","Bas-Rhin",392365.004166129,5387706.05317803
"820","Dossenheim-Kochersberg","Bas-Rhin",394898.790528561,5388215.20330306
"821","Quatzenheim","Bas-Rhin",394901.539033717,5386903.07891126
"822","Hürtigheim","Bas-Rhin",396350.182858312,5385635.30228639
"823","Fürdenheim","Bas-Rhin",394141.694160414,5385459.58879633
"824","Ittenheim","Bas-Rhin",396454.86796428,5384392.48183721
"825","Ittenheim","Bas-Rhin",396454.86796428,5384392.48183721
"826","Kleinfrankenheim","Bas-Rhin",395491.84196685,5390820.51110816
"827","Wanzenau","Bas-Rhin",413528.071248848,5390243.78641555
"828","Reichstett","Bas-Rhin",408195.184446348,5389109.80187344
"829","Mundolsheim","Bas-Rhin",405373.109861535,5388432.77916454
"830","Lamgertheim","Bas-Rhin",404315.673972623,5389381.31155496
"831","Pfulgriesheim","Bas-Rhin",402078.617982901,5388600.38259147
"832","Dingsheim, Griesheim","Bas-Rhin",401839.525758911,5387144.64970369
"833","Suffelweyersheim","Bas-Rhin",407279.037627669,5387701.6693606
"834","Niederhausbergen","Bas-Rhin",404224.742584596,5386377.47929546
"835","Mittelhausbergen","Bas-Rhin",403648.90730003,5385378.84722153
"836","Straßburg","Bas-Rhin",406790.189549552,5382120.49023166
"837","Kronenburg (Cronenbourg)","Bas-Rhin",406516.091190362,5383250.21989074
"838","Schiltigheim","Bas-Rhin",407747.535896432,5384408.46303294
"839","Straßburg-Bischheim","Bas-Rhin",408057.049268124,5385390.71393944
"840","Hönheim","Bas-Rhin",408268.792213809,5386078.82367802
"841","Straßburg-Oberhausbergen","Bas-Rhin",403066.842556645,5384458.20760327
"842","Straßburg-Ruprechtsau","Bas-Rhin",411590.103424764,5384801.53805679
"843","Oberhaslach","Bas-Rhin",376791.222365197,5378767.91998372
"844","Oberhaslach","Bas-Rhin",376791.222365197,5378767.91998372
"845","Urmatt","Bas-Rhin",376300.163929174,5376204.29850815
"846","Mühlbach (Muhlbach-Sur-Bruche)","Bas-Rhin",374246.18741451,5375119.843131
"847","Balbronn","Bas-Rhin",384757.642286942,5382398.0406737
"848","Bergbieten","Bas-Rhin",386313.291549195,5381505.76217337
"849","Bergbieten","Bas-Rhin",386313.291549195,5381505.76217337
"850","Dangolsheim","Bas-Rhin",386876.279341622,5381027.40443915
"851","Still","Bas-Rhin",382276.332338076,5378609.61286138
"852","Dinsheim (Dinsheim-Sur-Bruche)","Bas-Rhin",383920.763541613,5377798.25103241
"853","Mutzig","Bas-Rhin",385620.543168407,5377399.91710213
"854","Molsheim","Bas-Rhin",388593.15667273,5377463.86373529
"855","Dorlisheim","Bas-Rhin",388168.191976328,5375729.84401449
"856","Heiligenberg","Bas-Rhin",381275.227656963,5377347.34689971
"857","Gressweiler","Bas-Rhin",384241.746904585,5377032.17291363
"858","Rosenweiler","Bas-Rhin",384841.414700158,5373701.77808896
"859","Mollkirch","Bas-Rhin",380737.270309722,5373973.7571358
"860","Irmstett","Bas-Rhin",387727.90696653,5382807.3078314
"861","Niederhaslach","Bas-Rhin",377565.050596971,5377921.49210989
"862","Flexburg","Bas-Rhin",384318.178091874,5381080.44683345
"863","Sulzbad (soultz-Les-Bains)","Bas-Rhin",388391.123383282,5380983.85673765
"864","Dahlenheim","Bas-Rhin",389864.242007488,5382542.7385804
"865","Osthofen","Bas-Rhin",393564.959065217,5382486.05136873
"866","Fürdenheim","Bas-Rhin",394141.694160414,5385459.58879633
"867","Breuschwickersheim","Bas-Rhin",421780.800997444,5429218.64348191
"868","Achenheim","Bas-Rhin",411000.589384318,5422881.9932512
"869","Oberschäffolsheim","Bas-Rhin",400618.552674561,5382400.55277494
"870","Ergersheim (wohnt seit '41 in Breitenau)","Bas-Rhin",391415.068189606,5380636.78978333
"871","Ergersheim","Bas-Rhin",391415.068189606,5380636.78978333
"872","Avolsheim","Bas-Rhin",389359.802059664,5379807.21615364
"873","Dachstein","Bas-Rhin",391708.189439296,5379645.97710244
"874","Ernolsheim","Bas-Rhin",394114.267217517,5380076.17607752
"875","Hangenbieten","Bas-Rhin",397828.40880853,5379332.71654009
"876","Düppigheim und Duttlenheim (Duppigheim)","Bas-Rhin",395875.98758655,5375962.6793391
"877","Duttlenheim","Bas-Rhin",394117.297994971,5375596.22065375
"878","Altdorf (Altorf)","Bas-Rhin",391303.682212014,5375351.69896257
"879","Bläsheim","Bas-Rhin",397169.871578202,5373406.0792906
"880","Geispolsheim","Bas-Rhin",399808.345082033,5374449.41119255
"881","Enzheim","Bas-Rhin",399332.713704127,5376567.09786635
"882","Kolbsheim","Bas-Rhin",395845.317043873,5379660.31924281
"883","Wolxheim","Bas-Rhin",390138.797731281,5380619.26866301
"884","Illkirch-Grafenstaden","Bas-Rhin",404895.390645058,5375878.00004874
"885","Illkirch-Grafenstaden","Bas-Rhin",404895.390645058,5375878.00004874
"886","Wolfisheim","Bas-Rhin",401621.088939103,5381939.31677256
"887","Eckbolsheim","Bas-Rhin",403177.164365225,5381524.31861227
"888","Holzheim","Bas-Rhin",399931.201305454,5379125.99952743
"889","Grendelbruch","Bas-Rhin",376155.953875178,5372388.73519093
"890","Grendelbruch","Bas-Rhin",376155.953875178,5372388.73519093
"891","Natzweiler","Bas-Rhin",371226.64878013,5366256.90191519
"892","Grenzach (Grenzach-Wyhlen)","Landkreis Lörrach",399635.968045725,5267299.86088485
"893","Istein","Landkreis Lörrach",390037.257720168,5279757.45762024
"894","Efringen (Efringen-Kirchen)","Landkreis Lörrach",392212.449793747,5278386.00145643
"895","Kirchen (Efringen-Kirchen)","Landkreis Lörrach",392212.449793747,5278386.00145643
"896","Egringen und Fischingen","Landkreis Lörrach",394610.970349127,5279872.92799565
"897","Schallbach","Landkreis Lörrach",396948.64357823,5279097.3239048
"898","Wittlingen","Landkreis Lörrach",398511.030630521,5278974.26103375
"899","Wollbach","Landkreis Lörrach",398947.942484333,5280560.83626275
"900","Rümmingen","Landkreis Lörrach",397956.539673239,5277293.05657686
"901","Binzen","Landkreis Lörrach",396630.578570311,5276242.53394071
"902","(Weil am Rhein und) Eimeldingen","Landkreis Lörrach",394462.865315368,5276259.1722247
"903","Märkt","Landkreis Lörrach",393391.466031692,5275819.53952969
"904","Weil am Rhein","Landkreis Lörrach",397228.172766254,5271946.35572434
"905","Lörrach","Landkreis Lörrach",399604.128958225,5274106.10905687
"906","Lörrach","Landkreis Lörrach",399604.128958225,5274106.10905687
"907","Tumringen","Landkreis Lörrach",398997.640545438,5275763.00121248
"908","Haltingen","Landkreis Lörrach",395825.816233476,5274312.48876562
"909","Ötlingen","Landkreis Lörrach",396410.514556638,5275277.03389215
"910","Hägelberg","Landkreis Lörrach",404479.352377613,5279442.41624394
"911","Langenau","Landkreis Lörrach",409807.740730552,5278914.95598049
"912","Schopfheim (/Grenzach, aber gestrichen)","Landkreis Lörrach",411620.256391719,5278041.20146243
"913","Haagen","Landkreis Lörrach",400769.410073814,5276804.21481942
"914","Hauingen","Landkreis Lörrach",401889.801124781,5277434.4520379
"915","Brombach (/Maulburg, aber gestrichen)","Landkreis Lörrach",401768.681665949,5276444.87731885
"916","Steinen","Landkreis Lörrach",405299.554295135,5277555.86182095
"917","Höllstein","Landkreis Lörrach",405788.437788722,5276987.65621675
"918","Hüsingen","Landkreis Lörrach",405428.089073343,5276079.71575623
"919","Maulburg","Landkreis Lörrach",408200.350339759,5277095.87203842
"920","Wiechs","Landkreis Lörrach",410787.513557253,5276588.77770726
"921","Nordschwaben","Landkreis Lörrach",411091.755244911,5274566.52879954
"922","Adelhausen","Landkreis Lörrach",406902.883264373,5274228.4134949
"923","Minseln","Landkreis Lörrach",409100.112334191,5272886.45409164
"924","Eichsel (GID von Obereichsel)","Landkreis Lörrach",408880.233181358,5268047.64351044
"925","Inzlingen","Landkreis Lörrach",401333.931064826,5271356.30760473
"926","Karzau (Karsau)","Landkreis Lörrach",409677.640326391,5271292.30268681
"927","Degerfelden","Landkreis Lörrach",409677.640326391,5271292.30268681
"928","Nollingen","Landkreis Lörrach",407615.03279394,5269643.81322563
"929","Rheinfelden-Stadt (Baden)","Landkreis Lörrach",408880.233181358,5268047.64351044
"930","Herten","Landkreis Lörrach",404378.710969586,5267617.15407509
"931","Wyhlen","Landkreis Lörrach",401511.158970215,5267104.5280092
"932","Fahrnau","Landkreis Lörrach",412606.890632815,5279366.92114421
"933","Kürnberg","Landkreis Lörrach",415067.8149526,5279676.19230714
"934","Hasel","Landkreis Lörrach",417237.441646837,5278425.50298533
"935","Schwörstadt","Landkreis Lörrach",415791.504029217,5271761.09044995
"936","Dossenbach","Landkreis Lörrach",414101.742713613,5274251.2657228
"937","Eichen","Landkreis Lörrach",412743.090819434,5277731.90717122
"938","Wieden","Landkreis Lörrach",416303.024745379,5299310.65614389
"939","Aftersteg (bei Todtnau)","Landkreis Lörrach",419818.689427223,5299406.46091907
"940","Todtnauberg","Landkreis Lörrach",420952.008045701,5300251.2488
"941","Muggenbrunn","Landkreis Lörrach",419009.238880122,5300974.02126659
"942","Brandenberg","Landkreis Lörrach",423209.454751416,5299128.11057458
"943","Mauchen","Landkreis Lörrach",394647.271684606,5290848.45124079
"944","Obereggenen, Niedereggenen","Landkreis Lörrach",398400.330105125,5290156.6838223
"945","Schliengen","Landkreis Lörrach",393294.682420884,5290139.42745031
"946","Marzell bei Kandern","Landkreis Lörrach",404612.489130292,5291650.89779009
"947","Bürchau","Landkreis Lörrach",412111.734143868,5292088.16683171
"948","Neuenweg, Landkreis Lörrach","Landkreis Lörrach",412162.189466372,5294229.5513735
"949","Malsburg","Landkreis Lörrach",403175.826506232,5287384.6937804
"950","Todtnau","Landkreis Lörrach",421142.549449466,5297817.54306335
"951","Schlechtnau","Landkreis Lörrach",420566.892828518,5296561.51224484
"952","Geschwend","Landkreis Lörrach",420603.726165343,5295098.1249611
"953","Utzenfeld","Landkreis Lörrach",418603.845539978,5294703.47787796
"954","Aitern","Landkreis Lörrach",417275.883664967,5295014.65391058
"955","Böllen","Landkreis Lörrach",413180.071041471,5294973.45869268
"956","Schönenberg","Landkreis Lörrach",416289.322316142,5293859.39689072
"957","Schönau","Landkreis Lörrach",417190.039481714,5293148.34957612
"958","Tunau","Landkreis Lörrach",419337.243899801,5293048.02562071
"959","Präg","Landkreis Lörrach",423014.196251314,5292319.92852689
"960","Präg-Herrenschwand","Landkreis Lörrach",421568.818595252,5290985.38090263
"961","Fröhnd","Landkreis Lörrach",416364.772446553,5290262.19597535
"962","Bellingen (Bad Bellingen)","Landkreis Lörrach",391824.238657513,5287510.67048035
"963","Liel","Landkreis Lörrach",395342.049924605,5288266.63612569
"964","Feuerbach","Landkreis Lörrach",398185.492264962,5287910.3263136
"965","Riedlingen","Landkreis Lörrach",397665.795577911,5285613.75784525
"966","Tannenkirch","Landkreis Lörrach",395758.253238595,5285132.95232918
"967","Hertingen","Landkreis Lörrach",393841.284816128,5286495.09265609
"968","Bamlach","Landkreis Lörrach",391204.980713553,5285924.64323521
"969","Rheinweiler","Landkreis Lörrach",389975.909694587,5285125.09167374
"970","Blansingen","Landkreis Lörrach",390549.916096873,5283051.93056084
"971","Welmlingen","Landkreis Lörrach",392114.343800969,5282734.73932389
"972","Mappach","Landkreis Lörrach",394769.121341079,5281723.31575113
"973","Holzen","Landkreis Lörrach",397036.084584904,5283355.86620199
"974","Kandern","Landkreis Lörrach",399660.746345815,5285442.20835337
"975","Wintersweiler","Landkreis Lörrach",392475.468953693,5281032.63789199
"976","Huttingen","Landkreis Lörrach",391133.189707559,5280968.66814082
"977","Kleinkems","Landkreis Lörrach",389151.502540749,5283013.94912344
"978","Malsburg","Landkreis Lörrach",403175.826506232,5287384.6937804
"979","Wies","Landkreis Lörrach",407594.434235857,5289015.73938393
"980","Raich","Landkreis Lörrach",409848.83929945,5289299.31348223
"981","Elbenschwand","Landkreis Lörrach",412408.704718524,5289275.65800947
"982","Gresgen","Landkreis Lörrach",411527.618355484,5284883.59124816
"983","Tegernau","Landkreis Lörrach",409731.864799753,5285922.81978311
"984","Sallneck","Landkreis Lörrach",407938.038774728,5286240.01324229
"985","Endenburg","Landkreis Lörrach",404967.183171728,5285025.01377005
"986","Weitenau","Landkreis Lörrach",407321.724775358,5281222.8963382
"987","Wieslet","Landkreis Lörrach",409814.024654876,5282467.65887556
"988","Schlächtenhaus-Hofen","Landkreis Lörrach",405346.718067631,5282668.74601173
"989","Pfaffenberg","Landkreis Lörrach",415255.049445532,5287412.53521113
"990","Ehrsberg","Landkreis Lörrach",418010.523534468,5288335.6122861
"991","Häg (bei Mambach)","Landkreis Lörrach",418595.164508964,5287092.38500043
"992","Happach","Landkreis Lörrach",421386.907856392,5288068.79045243
"993","Mambach","Landkreis Lörrach",416288.142148906,5286716.12176789
"994","Atzenbach","Landkreis Lörrach",415507.412047095,5285274.54529613
"995","Häg-Rohrberg","Landkreis Lörrach",417808.396360331,5285550.55458462
"996","Adelsberg","Landkreis Lörrach",412747.503047414,5285529.89584172
"997","Zell im Wiesental","Landkreis Lörrach",413957.765496143,5284431.33923175
"998","Riedichen","Landkreis Lörrach",416632.70112513,5284072.19487714
"999","Gersbach","Landkreis Lörrach",419920.704977723,5283203.36920885
"1000","Hausen im Wiesental","Landkreis Lörrach",412979.664095699,5281544.56089574
"1001","Raitbach","Landkreis Lörrach",414507.696372628,5281621.94024545
"1002","Obergebisbach- Hornbach","Landkreis Waldshut",422999.415062465,5278359.76571783
"1003","Niedergebisbach","Landkreis Waldshut",424339.989525022,5277952.02739473
"1004","Altenschwand","Landkreis Waldshut",423080.221189754,5276460.14032777
"1005","Hütten","Landkreis Waldshut",421019.822986517,5275604.01482267
"1006","Rickenbach","Landkreis Waldshut",423182.96128027,5274451.30101392
"1007","Bergalingen","Landkreis Waldshut",421799.292961056,5273774.97388836
"1008","Willaringen","Landkreis Waldshut",422794.674257457,5272995.83954991
"1009","Öfflingen (Öflingen)","Landkreis Waldshut",418350.468064715,5271556.85987253
"1010","Wehr","Landkreis Waldshut",417697.324589161,5275677.7955453
"1011","Wallbach","Landkreis Waldshut",418268.680880781,5268938.01799607
"1012","Obersäckingen","Landkreis Waldshut",421914.271057165,5269560.61138242
"1013","Todtmoos","Landkreis Waldshut",425361.078245382,5288030.76349002
"1014","Rütte (bei Todtmoos; es gibt auch noch eines bei Herreschrie und eines bei Todtnauberg)","Landkreis Waldshut",426062.727975515,5290253.82390436
"1015","Todtmoos","Landkreis Waldshut",425361.078245382,5288030.76349002
"1016","Betzenhausen","Freiburg im Breisgau",411630.047062615,5318076.4389122
"1017","Hochdorf","Freiburg im Breisgau",410728.697196289,5322429.35954531
"1018","Lehen","Freiburg im Breisgau",410568.537739878,5318844.36801153
"1019","Waltershofen","Freiburg im Breisgau",404455.111058215,5319693.17913727
"1020","Zähringen","Freiburg im Breisgau",415115.422136697,5319809.27591706
"1021","St. Georgen","Freiburg im Breisgau",410868.225128458,5314694.18253522
"1022","Haslach","Freiburg im Breisgau",412083.937310457,5315804.95870251
"1023","Tiengen","Freiburg im Breisgau",404186.43316702,5315115.06622507
"1024","Opfingen","Freiburg im Breisgau",404209.975162542,5317155.82204867
"1025","Munzingen","Freiburg im Breisgau",402880.781175452,5313643.88841573
"1026","Littenweiler","Freiburg im Breisgau",418162.469936368,5314412.40773552
"1027","Ebnet","Freiburg im Breisgau",418135.49716915,5315454.4159455
"1028","Kappel","Freiburg im Breisgau",418509.059728163,5312901.1971316
"1029","Kiechlinsbergen","Landkreis Emmendingen",399767.681993787,5331036.48314386
"1030","Leiselheim","Landkreis Emmendingen",398478.172648882,5331189.28515388
"1031","Wyhl am Kaiserstuhl","Landkreis Emmendingen",399571.339675202,5335666.10640935
"1032","Königschaffhausen am Kaiserstuhl","Landkreis Emmendingen",399975.039575494,5331997.89021972
"1033","Sasbach","Landkreis Emmendingen",396860.186809837,5332565.72045188
"1034","Jechtingen am Kaierstuhl","Landkreis Emmendingen",396524.265502534,5330367.06329454
"1035","Endingen","Landkreis Emmendingen",403525.066965962,5332885.28874043
"1036","Riegel","Landkreis Emmendingen",407080.117199966,5333789.22754722
"1037","Nimburg","Landkreis Emmendingen",409030.315272012,5328984.08115509
"1038","Bottingen","Landkreis Emmendingen",409419.79814886,5327151.33918334
"1039","Malterdingen","Landkreis Emmendingen",410316.383341923,5335122.79364466
"1040","Köndringen","Landkreis Emmendingen",411166.69567165,5332452.48528254
"1041","Forchheim","Landkreis Emmendingen",403563.897661172,5335276.05828441
"1042","Bahlingen","Landkreis Emmendingen",406185.57605501,5330638.66383061
"1043","Teningen","Landkreis Emmendingen",410965.397302662,5331327.21051192
"1044","Amoltern","Landkreis Emmendingen",401504.031222032,5331455.50629675
"1045","Emmendingen","Landkreis Emmendingen",414379.947896773,5330377.97340688
"1046","Waldkirch","Landkreis Emmendingen",422598.064443591,5327227.26306441
"1047","Wasser","Landkreis Emmendingen",414855.634473635,5327876.22201113
"1048","Windenreuthe (Emmendingen)","Landkreis Emmendingen",417146.891269308,5330030.44226266
"1049","Siensbach","Landkreis Emmendingen",424669.785440184,5328749.30317372
"1050","Siegelau","Landkreis Emmendingen",423944.402139094,5333046.56067042
"1051","Sexau","Landkreis Emmendingen",418697.535956769,5328462.97934182
"1052","Mundingen","Landkreis Emmendingen",413298.050921917,5332223.02191424
"1053","Maleck","Landkreis Emmendingen",416972.026682895,5331266.95469506
"1054","Landeck","Landkreis Emmendingen",413777.491908577,5333570.95785684
"1055","Kollnau","Landkreis Emmendingen",423480.718000572,5328577.19136567
"1056","Kollmarsreute","Landkreis Emmendingen",416491.979193401,5328304.60162424
"1057","Freiamt-Reichenbach","Landkreis Emmendingen",420037.57840118,5334361.59189978
"1058","Freiamt-Mußbach (Mussbach)","Landkreis Emmendingen",417164.272973757,5336214.56174875
"1059","Keppenbach","Landkreis Emmendingen",419689.924967393,5332910.15546036
"1060","Gutach","Landkreis Emmendingen",424624.236071873,5329927.14414908
"1061","Reute","Landkreis Emmendingen",412517.799440649,5326053.76665199
"1062","Vörstetten","Landkreis Emmendingen",414405.970910949,5324042.00345048
"1063","Denzlingen","Landkreis Emmendingen",416553.651055999,5324457.26300314
"1064","Suggental","Landkreis Emmendingen",419905.819784665,5325252.12728719
"1065","Buchholz i.Br.","Landkreis Emmendingen",418970.883440887,5326045.65542777
"1066","Niederhausen","Landkreis Emmendingen",404454.899150714,5343756.1947199
"1067","Oberhausen","Landkreis Emmendingen",404230.635338511,5342297.95859341
"1068","Weisweil","Landkreis Emmendingen",401627.658072731,5339111.36877535
"1069","Broggingen","Landkreis Emmendingen",413040.337677422,5341295.27378128
"1070","Tutschfelden","Landkreis Emmendingen",411348.797717406,5340923.29804076
"1071","Herbolzheim a. d. Bleich","Landkreis Emmendingen",409195.360788276,5341752.05912466
"1072","Wagenstadt","Landkreis Emmendingen",410583.615575669,5340076.96797513
"1073","Bleichheim","Landkreis Emmendingen",413120.621177193,5340126.73242456
"1074","Nordweil","Landkreis Emmendingen",411850.665652588,5338538.6309058
"1075","Bombach","Landkreis Emmendingen",412048.968280859,5336837.95886951
"1076","Kenzingen","Landkreis Emmendingen",408594.728048533,5338480.85932546
"1077","Hecklingen","Landkreis Emmendingen",408349.468473918,5335887.7382287
"1078","Heimbach","Landkreis Emmendingen",412952.966597757,5335168.75974556
"1079","Ottoschwanden","Landkreis Emmendingen",418008.4202677,5337574.22729173
"1080","Freiamt","Landkreis Emmendingen",418684.098602729,5336733.02104074
"1081","Oberspitzenbach","Landkreis Emmendingen",424810.312531668,5336378.99782618
"1082","Burkheim am Kaiserstuhl","Landkreis Breisgau-Hochschwarzwald",395730.874433542,5328579.20692344
"1083","Oberbergen","Landkreis Breisgau-Hochschwarzwald",399933.648977404,5328051.76837148
"1084","Bischoffingen","Landkreis Breisgau-Hochschwarzwald",397670.562590379,5329023.4212618
"1085","Oberrotweil","Landkreis Breisgau-Hochschwarzwald",398392.260780396,5327141.65085892
"1086","Schelingen am Kaiserstuhl","Landkreis Breisgau-Hochschwarzwald",401962.881705205,5328737.12117915
"1087","Eichstetten","Landkreis Breisgau-Hochschwarzwald",406600.847859583,5327527.8787972
"1088","Breisach","Landkreis Breisgau-Hochschwarzwald",395161.098450993,5322297.87915254
"1089","Gündlingen","Landkreis Breisgau-Hochschwarzwald",398750.890188224,5318921.46192959
"1090","Ihringen","Landkreis Breisgau-Hochschwarzwald",399053.665000923,5322269.24997293
"1091","Achkarren","Landkreis Breisgau-Hochschwarzwald",397527.730653147,5324738.88739061
"1092","Bickensohl","Landkreis Breisgau-Hochschwarzwald",398902.966448434,5326069.75206384
"1093","Umkirch","Landkreis Breisgau-Hochschwarzwald",407738.15662923,5320578.92852822
"1094","Merdingen","Landkreis Breisgau-Hochschwarzwald",402212.036715969,5319054.97179707
"1095","Neuershausen","Landkreis Breisgau-Hochschwarzwald",408349.653875697,5324690.30229936
"1096","Holzhausen","Landkreis Breisgau-Hochschwarzwald",410591.621929272,5324826.1252378
"1097","Gottenheim","Landkreis Breisgau-Hochschwarzwald",405121.535294062,5322607.12412189
"1098","Hugstetten","Landkreis Breisgau-Hochschwarzwald",409123.017332864,5323038.20759459
"1099","Buchheim","Landkreis Breisgau-Hochschwarzwald",409035.83928007,5323792.22463847
"1100","Bötzingen","Landkreis Breisgau-Hochschwarzwald",405103.238412468,5325691.40968897
"1101","Wasenweiler","Landkreis Breisgau-Hochschwarzwald",401729.992780243,5322878.75434089
"1102","Wöldtal (Wildtal)","Landkreis Breisgau-Hochschwarzwald",416012.318830601,5320559.81817333
"1103","Föhrental (Föhrenthal)","Landkreis Breisgau-Hochschwarzwald",419840.571014921,5320738.56570181
"1104","Unterglottertal-Ohrensbach","Landkreis Breisgau-Hochschwarzwald",421740.154194192,5321602.8022829
"1105","Oberglottertal","Landkreis Breisgau-Hochschwarzwald",422796.476480384,5322157.66667393
"1106","Gundelfingen","Landkreis Breisgau-Hochschwarzwald",416011.870905905,5321752.65857559
"1107","Eschbach über Freiburg i.Br.","Landkreis Breisgau-Hochschwarzwald",423951.926569362,5317095.39999041
"1108","Heuweiler","Landkreis Breisgau-Hochschwarzwald",418235.513824912,5322584.33131997
"1109","Oberrimsingen","Landkreis Breisgau-Hochschwarzwald",399958.437669092,5314882.40333838
"1110","Feldkirch","Landkreis Breisgau-Hochschwarzwald",399144.705840531,5310101.5884666
"1111","Hartheim","Landkreis Breisgau-Hochschwarzwald",397458.047153041,5310200.28235364
"1112","Biengen","Landkreis Breisgau-Hochschwarzwald",402133.772299211,5310323.5409635
"1113","Biengen","Landkreis Breisgau-Hochschwarzwald",402133.772299211,5310323.5409635
"1114","Wittnau","Landkreis Breisgau-Hochschwarzwald",411439.130139317,5311046.80710366
"1115","Offnadingen","Landkreis Breisgau-Hochschwarzwald",403812.654294625,5309805.00111052
"1116","Kirchhofen","Landkreis Breisgau-Hochschwarzwald",406130.791270422,5308149.23875882
"1117","Norsingen","Landkreis Breisgau-Hochschwarzwald",404914.973881596,5310234.73330903
"1118","Pfaffenweiler","Landkreis Breisgau-Hochschwarzwald",406983.014545993,5310530.04762473
"1119","Wolfenweiler","Landkreis Breisgau-Hochschwarzwald",407579.775817871,5312852.81032465
"1120","Schallstadt","Landkreis Breisgau-Hochschwarzwald",407744.079517789,5312482.19949736
"1121","Ebringen","Landkreis Breisgau-Hochschwarzwald",408905.473603234,5312309.18369763
"1122","Au","Landkreis Breisgau-Hochschwarzwald",412633.240067939,5312169.15984733
"1123","Merzhausen","Landkreis Breisgau-Hochschwarzwald",412317.812829789,5313227.83087703
"1124","Mengen","Landkreis Breisgau-Hochschwarzwald",403988.138313592,5312489.12252404
"1125","Niederrimsingen","Landkreis Breisgau-Hochschwarzwald",400849.070249427,5315711.921596
"1126","Bollschweil","Landkreis Breisgau-Hochschwarzwald",408796.68296677,5308123.13392085
"1127","Bollschweil","Landkreis Breisgau-Hochschwarzwald",408796.68296677,5308123.13392085
"1128","Sölden","Landkreis Breisgau-Hochschwarzwald",411092.590585111,5309546.92030003
"1129","Schlatt","Landkreis Breisgau-Hochschwarzwald",400999.094819766,5308848.74040129
"1130","Wittental","Landkreis Breisgau-Hochschwarzwald",421135.060314481,5317326.7716844
"1131","Stegen","Landkreis Breisgau-Hochschwarzwald",422466.792509646,5315064.25725175
"1132","Zarten","Landkreis Breisgau-Hochschwarzwald",421661.969165797,5314329.24721737
"1133","Burg am Wald","Landkreis Breisgau-Hochschwarzwald",423838.139057157,5313570.80762457
"1134","Kirchzarten","Landkreis Breisgau-Hochschwarzwald",421814.688293973,5312768.65290675
"1135","Oberried","Landkreis Breisgau-Hochschwarzwald",421202.489820196,5309220.87142713
"1136","Horben","Landkreis Breisgau-Hochschwarzwald",414783.902624969,5309397.78441068
"1137","Buggingen","Landkreis Breisgau-Hochschwarzwald",398054.9560166,5300293.97941129
"1138","Seefelden","Landkreis Breisgau-Hochschwarzwald",398247.38208666,5301574.65316279
"1139","Heitersheim","Landkreis Breisgau-Hochschwarzwald",400368.446883653,5302830.63871026
"1140","Eschbach (bei Heitersheim)","Landkreis Breisgau-Hochschwarzwald",399249.862405437,5305042.39874667
"1141","Bremgarten (Hartheim)","Landkreis Breisgau-Hochschwarzwald",397181.720095769,5307985.01021997
"1142","Grißheim (Grissheim)","Landkreis Breisgau-Hochschwarzwald",394741.736551068,5303158.34650094
"1143","Zienken (Müllheim)","Landkreis Breisgau-Hochschwarzwald",393589.171169104,5299833.02671289
"1144","Tunsel","Landkreis Breisgau-Hochschwarzwald",400290.190926957,5306397.33325195
"1145","Gallenweiler","Landkreis Breisgau-Hochschwarzwald",401336.865326197,5304391.5608331
"1146","Wettelbrunn","Landkreis Breisgau-Hochschwarzwald",402553.235078003,5302822.27207225
"1147","Ballrechten-Dottingen","Landkreis Breisgau-Hochschwarzwald",402822.572179127,5301624.86039085
"1148","Laufen","Landkreis Breisgau-Hochschwarzwald",400885.971616205,5312219.27302814
"1149","Sulzburg","Landkreis Breisgau-Hochschwarzwald",403273.428682999,5299461.68436854
"1150","Untermünstertal-Ziegelplatz (Untermünstertal)","Landkreis Breisgau-Hochschwarzwald",409225.221775615,5300917.08973593
"1151","Untermünstertal-Rotenbuck","Landkreis Breisgau-Hochschwarzwald",409789.203562246,5299371.92381049
"1152","Staufen (bei Freiburg)","Landkreis Breisgau-Hochschwarzwald",405019.614640166,5303928.47252762
"1153","Grunern bei Müllheim","Landkreis Breisgau-Hochschwarzwald",404419.483939296,5302822.21707593
"1154","Bad Krozingen","Landkreis Breisgau-Hochschwarzwald",403122.140856019,5308014.45340765
"1155","Ehrenstetten","Landkreis Breisgau-Hochschwarzwald",406759.731365706,5307669.89472202
"1156","Obermünstertal-Krumlinden (Obermünstertal)","Landkreis Breisgau-Hochschwarzwald",411150.906345808,5302704.74797206
"1157","Obermünstertal-Neuhof","Landkreis Breisgau-Hochschwarzwald",414801.080540496,5300228.57938828
"1158","Sankt Wilhelm","Landkreis Breisgau-Hochschwarzwald",421432.059387605,5305176.96625735
"1159","Hofsgrund","Landkreis Breisgau-Hochschwarzwald",417622.604769293,5305880.39213858
"1160","Zastler","Landkreis Breisgau-Hochschwarzwald",422694.998549713,5309434.10417808
"1161","St Ulrich","Landkreis Breisgau-Hochschwarzwald",413150.359551828,5306839.75169798
"1162","Obermünstertal-Stohren","Landkreis Breisgau-Hochschwarzwald",415927.193802772,5305108.90079606
"1163","Obermünstertal-Spielweg","Landkreis Breisgau-Hochschwarzwald",412957.532469283,5303369.80829422
"1164","Neuenburg (am Rhein)","Landkreis Breisgau-Hochschwarzwald",392206.865811537,5296623.36242272
"1165","Hügelheim","Landkreis Breisgau-Hochschwarzwald",396778.68853717,5298179.8445507
"1166","Dattingen","Landkreis Breisgau-Hochschwarzwald",399483.626927546,5298704.75232412
"1167","Zunzingen","Landkreis Breisgau-Hochschwarzwald",399096.311712314,5297356.29383736
"1168","Niederweiler","Landkreis Breisgau-Hochschwarzwald",398743.79692409,5295694.85326556
"1169","Müllheim","Landkreis Breisgau-Hochschwarzwald",397369.249645689,5295893.60119953
"1170","Auggen","Landkreis Breisgau-Hochschwarzwald",394556.206768349,5293670.61785923
"1171","Lipburg","Landkreis Breisgau-Hochschwarzwald",399380.934019936,5293483.6406659
"1172","Feldberg","Landkreis Breisgau-Hochschwarzwald",398168.833705951,5292042.89608028
"1173","Steinenstadt","Landkreis Breisgau-Hochschwarzwald",391591.289381845,5291659.67529345
"1174","Britzingen","Landkreis Breisgau-Hochschwarzwald",400635.825807581,5297974.45089868
"1175","Badenweiler","Landkreis Breisgau-Hochschwarzwald",401115.914309985,5295532.67273056
"1176","Schweighof","Landkreis Breisgau-Hochschwarzwald",402594.437719428,5295716.60950004
"1177","Altenheim","Landkreis Kehl",412323.347543159,5368670.05012762
"1178","Kittersburg","Landkreis Kehl",413821.07987527,5372193.62295272
"1179","Hohnhurst","Landkreis Kehl",415914.68927909,5371616.20200385
"1180","Müllen","Landkreis Kehl",413780.596715075,5368665.44210224
"1181","Grauelsbaum","Landkreis Kehl",425138.020648571,5398581.03706943
"1182","Helmlingen","Landkreis Kehl",423903.011218159,5395689.25392679
"1183","Scherzheim","Landkreis Kehl",426185.870883364,5396115.68441138
"1184","Muckenschopf am Rhein","Landkreis Kehl",425531.731071173,5393891.90020838
"1185","Memprechtshofen","Landkreis Kehl",425096.267900071,5392642.50941171
"1186","Freistett","Landkreis Kehl",421652.975169179,5391472.10119735
"1187","Rheinbischofsheim","Landkreis Kehl",421128.160149037,5389650.56536323
"1188","Diersheim","Landkreis Kehl",418050.182582035,5388911.90242643
"1189","Diersheim","Landkreis Kehl",418050.182582035,5388911.90242643
"1190","Honau","Landkreis Kehl",416853.252214201,5388080.06461397
"1191","Leutesheim","Landkreis Kehl",415707.581602487,5386316.01444911
"1192","Linx","Landkreis Kehl",418727.928190784,5386565.0830752
"1193","Holzhausen","Landkreis Kehl",420430.094068579,5386438.4653232
"1194","Wagshurst","Landkreis Kehl",425928.539433016,5385740.80132485
"1195","Zierolshofen","Landkreis Kehl",419180.319427668,5384502.87992654
"1196","Auenheim","Landkreis Kehl",414189.58859086,5384212.07535032
"1197","Bodersweier","Landkreis Kehl",417031.174025937,5383654.72043972
"1198","Querbach","Landkreis Kehl",416490.700429878,5382414.16862229
"1199","Kehl","Landkreis Kehl",412586.013969595,5380800.13798952
"1200","Marlen","Landkreis Kehl",413098.708248072,5374997.50731698
"1201","Goldscheuer","Landkreis Kehl",412788.663775033,5374002.78375174
"1202","Neumühl","Landkreis Kehl",414716.794240877,5380314.98984595
"1203","Odelshofen","Landkreis Kehl",417377.371368966,5379151.35191027
"1204","Legelshurst","Landkreis Kehl",419813.820852478,5380007.81524021
"1205","Urloffen","Landkreis Kehl",423915.935368345,5378724.69821519
"1206","Appenweier","Landkreis Kehl",424717.08253151,5376819.53888533
"1207","Hesselhurst","Landkreis Kehl",417381.580862053,5374749.76977083
"1208","Hesselhurst","Landkreis Kehl",417381.580862053,5374749.76977083
"1209","Eckartsweier","Landkreis Kehl",415227.151840058,5375830.11664788
"1210","Willstätt","Landkreis Kehl",418229.141298547,5376767.52273978
"1211","Sand","Landkreis Kehl",420388.233025917,5376686.61913675
"1212","Kork","Landkreis Kehl",416558.345526635,5379759.32918416
"1213","Weier","Landkreis Offenburg",420043.158403939,5372232.23711392
"1214","Bühl","Landkreis Offenburg",421128.218808615,5371836.77054754
"1215","Bohlsbach","Landkreis Offenburg",422273.13444696,5371591.88969046
"1216","Rammersweier","Landkreis Offenburg",423612.028539969,5370656.45483057
"1217","Waltersweier","Landkreis Offenburg",420109.828013382,5370832.70984687
"1218","Offenburg","Landkreis Offenburg",422000.563112845,5369295.45242184
"1219","Zell-Weierbach (Weierbach)","Landkreis Offenburg",424741.382430613,5369495.11786305
"1220","Fessenbach","Landkreis Offenburg",424571.520214158,5368453.46977749
"1221","Ortenberg","Landkreis Offenburg",423876.044634838,5367043.10902192
"1222","Waltersweier","Landkreis Offenburg",420109.828013382,5370832.70984687
"1223","Ohlsbach","Landkreis Offenburg",425493.550787579,5364805.93542329
"1224","Zunsweier","Landkreis Offenburg",422040.167721407,5363740.68462843
"1225","Hofweier","Landkreis Offenburg",419209.654847475,5363994.9033076
"1226","Schutterwald","Landkreis Offenburg",417690.499405329,5367302.00185027
"1227","Niederschopfheim","Landkreis Offenburg",417943.33767767,5363262.67175841
"1228","Diersburg","Landkreis Offenburg",421345.476323006,5361351.17238364
"1229","Berghaupten","Landkreis Offenburg",425042.961720464,5362005.91438862
"1230","Bermersbach","Landkreis Offenburg",425401.390085205,5359824.46276319
"1231","Schönberg","Landkreis Offenburg",428354.066602432,5357278.43167404
"1232","Ebersweier","Landkreis Offenburg",424884.228017708,5373178.6006034
"1233","Windschläg","Landkreis Offenburg",422969.437728852,5374045.97443714
"1234","Griesheim","Landkreis Offenburg",420530.730861705,5373591.7033576
"1235","Dundenheim","Landkreis Lahr",412425.913289487,5366888.49349147
"1236","Ichenheim","Landkreis Lahr",412094.149497082,5364955.79721753
"1237","Meissenheim","Landkreis Lahr",409522.02641459,5362480.31204739
"1238","Ottenheim","Landkreis Lahr",407807.198098553,5359945.24709156
"1239","Kürzell","Landkreis Lahr",412322.975989578,5360136.03626636
"1240","Allmannsweier","Landkreis Lahr",409883.114793782,5357810.62156437
"1241","Nonnenweier","Landkreis Lahr",408129.293385113,5355868.64395337
"1242","Langenwinkel","Landkreis Lahr",412957.927709178,5353923.73428091
"1243","Oberschopfheim","Landkreis Lahr",418649.306294892,5361144.62956632
"1244","Oberweier","Landkreis Lahr",418408.89022925,5358841.22361407
"1245","Friesenheim","Landkreis Lahr",416699.780322709,5358456.9314125
"1246","Schutterzell","Landkreis Lahr",414260.049007509,5362042.00682246
"1247","Schuttern","Landkreis Lahr",415049.795734039,5359416.37406268
"1248","Hugsweier","Landkreis Lahr",413882.667392559,5356976.97932944
"1249","Dinglingen","Landkreis Lahr",415445.390371756,5355793.94045189
"1250","Lahr (Lahr/Schwarzwald)","Landkreis Lahr",416710.191212154,5354721.32495663
"1251","Kuhbach","Landkreis Lahr",419067.483443563,5354538.28990889
"1252","Wittenweier","Landkreis Lahr",408003.476798359,5353269.1025019
"1253","Kippenheim","Landkreis Lahr",412825.584192507,5349688.86894505
"1254","Kippenheimweiler","Landkreis Lahr",411598.029614296,5352471.63689702
"1255","Mahlberg","Landkreis Lahr",411965.274770192,5348889.41934117
"1256","Orschweier","Landkreis Lahr",410866.332156224,5347935.95490544
"1257","Altdorf","Landkreis Lahr",411987.034166004,5346552.18272011
"1258","Ettenheim","Landkreis Lahr",411940.603993602,5345468.945995
"1259","Kappel a. Rh.","Landkreis Lahr",406677.770935849,5349559.55273294
"1260","Grafenhausen (Kappel-Grafenhausen)","Landkreis Lahr",406677.770935849,5349559.55273294
"1261","Rust","Landkreis Lahr",405439.286642824,5346953.94993718
"1262","Mietersheim","Landkreis Lahr",413866.640698412,5353230.61056711
"1263","Sulz","Landkreis Lahr",415509.513060789,5352329.90456078
"1264","Sulz","Landkreis Lahr",415509.513060789,5352329.90456078
"1265","Reichenbach (Gengb.)","Landkreis Lahr",420185.351603405,5353757.61543678
"1266","Seelbach","Landkreis Lahr",421481.063463181,5351283.79905176
"1267","Wittelbach","Landkreis Lahr",422170.065396854,5349335.51897718
"1268","Schuttertal","Landkreis Lahr",422503.123050097,5346934.15323565
"1269","Schmieheim","Landkreis Lahr",415168.182422849,5347984.75390936
"1270","Wallburg","Landkreis Lahr",414911.027725916,5346616.71026827
"1271","Münchweier","Landkreis Lahr",415283.247930648,5344443.29067332
"1272","Ringsheim","Landkreis Lahr",409458.750240941,5344397.18816678
"1273","Ettenheimweiler","Landkreis Lahr",412386.699519668,5343288.61380688
"1274","Ettenheimmünster","Landkreis Lahr",416855.466937449,5343750.88875565
"1275","Dörlinbach","Landkreis Lahr",422335.724041365,5344398.43454013
"1276","Schweighausen","Landkreis Lahr",423345.342471757,5341290.95113888
