"","ID","utm_n","place","utm_e"
"1",254,5335317.65917761,"Elsenheim",388554.850019308
"2",257,5335939.85465293,"Marckolsheim",391878.325066051
"3",866,5368782.26412204,"Oberehnheim (Obernai)",388007.695177745
"4",867,5358335.38412454,"Bernhardsweiler ( Bernardvillé)",381506.236920954
"5",871,5363900.83045917,"Heiligenstein",385451.500776734
"6",872,5364012.46925444,"Burgheim (Bourgheim)",388325.566876364
"7",873,5365524.44639043,"Goxweiler (Goxwiller)",387887.722120024
"8",876,5372462.47416866,"Innenheim",394614.261955274
"9",878,5370215.9234711,"Krautergersheim",393987.587898601
"10",879,5367183.87848546,"Meistratzheim",392333.006771399
"11",880,5367722.52077575,"Niederehnheim (Niedernai)",390396.518322012
"12",881,5364208.07097061,"Walf (Valff))",390552.722066363
"13",882,5363931.01600115,"Bolsenheim",397150.708827703
"14",883,5364863.52330367,"Schäfersheim (Schaeffersheim)",397907.60911768
"15",884,5363968.94601663,"Erstein",401077.514415342
"16",885,5367720.13694051,"Limersheim",399886.478890323
"17",890,5369065.16376966,"Hipsheim",401871.908766251
"18",911,5362484.07634807,"Le Hohwald",376405.516469045
"19",912,5358294.61450324,"Breitenbach",373502.128189294
"20",913,5357026.25258842,"Meisengott (Maisonsgoutte)",371353.349627379
"21",914,5356668.51403878,"St. Martin (Saint-Martin)",373267.247580914
"22",915,5357292.46861485,"Erlenbach (Albé)",375423.035551298
"23",916,5355764.08850956,"Weiler (Villé)",374233.781134156
"24",917,5355028.98468678,"Bassenberg (Bassemberg)",372937.057269327
"25",918,5355185.02240983,"Triembach (Triembach-Au-Val)",375787.537186532
"26",919,5363127.71329285,"Gertweiler (Gertwiller)",386628.460888771
"27",920,5362640.61406727,"Barr",385470.446769907
"28",921,5362640.61406727,"Barr",385470.446769907
"29",922,5362640.61406727,"Barr",385470.446769907
"30",923,5361490.65492248,"Mittelbergheim",384712.638518721
"31",924,5360156.63066553,"Eichhofen (Eichhoffen)",384697.369426211
"32",925,5360452.73893806,"Andlau",382836.22392415
"33",926,5358335.38412454,"Bernhardsweiler ( Bernardvillé)",381506.236920954
"34",927,5358253.49155019,"Reichsfeld",380479.790845048
"35",928,5361607.81002009,"Zellweiler (Zellwiller)",388812.790265051
"36",929,5359453.05462186,"Stotzheim",388070.543985255
"37",930,5359857.68925579,"St. Peter (Saint-Pierre)",386731.201813941
"38",931,5357232.68313251,"Epfig",386329.030234806
"39",932,5357232.68313251,"Epfig",386329.030234806
"40",933,5357930.59380467,"Ittersweiler (Itterswiller)",383875.595425402
"41",934,5356442.64111922,"Nothalten",382909.063636155
"42",935,5355441.81561719,"Blienschweiler (Blienschwiller)",382804.664274281
"43",936,5362906.5119719,"Uttenheim",396140.200334019
"44",937,5361302.31714272,"Westhausen (Westhouse)",395522.151140029
"45",938,5359275.48912436,"Kerzfeld (Kertzfeld)",394315.21884617
"46",939,5358673.08821328,"Benfeld",395866.338206468
"47",940,5358673.08821328,"Benfeld",395866.338206468
"48",941,5358673.08821328,"Benfeld",395866.338206468
"49",942,5359770.50947814,"Sand",397391.461122285
"50",943,5361273.13007759,"Matzenheim",398351.592488357
"51",944,5361840.69656182,"Osthausen (Osthouse)",399256.859731905
"52",945,5355739.46012966,"Herbsheim",398662.297827365
"53",946,5354677.43427758,"Roßfeld (Rossfeld)",397496.567073471
"54",947,5357067.33280952,"Hüttenheim (Huttenheim)",394672.761044706
"55",948,5355806.49042329,"Sermersheim",392711.191996993
"56",949,5354893.11860301,"Kogenheim",391975.615307425
"57",955,5355958.26367578,"Daubensand",404912.986027959
"58",956,5357059.73192978,"Obenheim",402896.038332463
"59",957,5359683.57928836,"Gerstheim",403616.354837693
"60",972,5354211.73534821,"Neukirch (Neuve-Église)",374989.145786759
"61",973,5352695.85481543,"Diefenbach (Dieffenbach-Au-Val)",376014.982229777
"62",974,5349266.54245838,"Wanzel (La Vancelle)",374036.562167936
"63",976,5353950.09079866,"St Moritz (Saint-Maurice)",376632.605089692
"64",977,5353966.36912887,"St Petersholz (Saint Pierre Bois)",378509.788637963
"65",978,5353604.49023817,"Tannweiler (Thanvillé)",377961.442912462
"66",979,5351677.78464223,"Gereut (Neubois)",376861.485102079
"67",980,5353175.93336198,"Dambach (Dambach-La-Ville)",383495.078272518
"68",981,5351936.80815235,"Diefental (Dieffenthal)",382974.193807774
"69",982,5349444.46194092,"Scherweiler (Scherwiller)",382781.924888551
"70",983,5347752.26984696,"Kestenholz (Châtenois)",381217.175862179
"71",984,5345822.97088681,"Kinzheim (Kintzheim)",380847.983253449
"72",985,5346112.02786293,"Schlettstadt (Sélestat)",385127.961560527
"73",986,5346112.02786293,"Schlettstadt (Sélestat)",385127.961560527
"74",987,5346112.02786293,"Schlettstadt (Sélestat)",385127.961560527
"75",988,5351573.88250243,"Ebersheim",388872.822507103
"76",989,5351967.75085877,"Ebersmünster (Ebersmunster)",390349.098430533
"77",990,5352102.84616287,"Witternheim",397163.862013022
"78",991,5349415.51553381,"Diebolsheim",400733.899616564
"79",992,5348766.25099954,"Bindernheim",396670.171446976
"80",993,5349585.92575057,"Hilsenheim",393757.941750212
"81",994,5347061.16826502,"Müttersholz (Muttersholtz)",391152.022282955
"82",995,5346543.68677536,"Wittisheim",395329.94845189
"83",996,5345170.28205568,"Sundhausen (Sundhouse)",396318.2988754
"84",997,5345170.28205568,"Sundhausen (Sundhouse)",396318.2988754
"85",998,5354058.72343204,"Boofzheim",402195.306418486
"86",999,5351578.35818574,"Friesenheim",401416.88752646
"87",1031,5344441.9213713,"Orschweiler (Orschwiller)",380053.329578592
"88",1032,5344441.9213713,"St. Pilt (saint-Hyppolyte)",380053.329578592
"89",1038,5342926.18098071,"Mussig",390105.061573184
"90",1039,5343724.88900793,"Baldenheim",391536.917570006
"91",1040,5342813.60404119,"Bösenbiesen (Boesenbiesen)",393341.125501481
"92",1041,5343168.45028282,"Schwobsheim",394167.839008249
"93",1042,5342274.03285647,"Richtolsheim",395643.052015197
"94",1043,5343239.47583988,"Saasenheim",397276.29689375
"95",1044,5342014.29407212,"Schönau (Schoenau)",399520.95186313
"96",1045,5340570.171391,"Artolsheim",394042.344134618
"97",1046,5340696.93292608,"Hessenheim",392377.813101991
"98",1047,5339741.10757526,"Heidolsheim",389678.748809885
"99",1048,5337805.37055967,"Ohnenheim",389045.765135626
"100",1049,5338252.8206176,"Boozheim (Bootzheim)",393757.708086994
"101",1050,5337786.73736406,"Mackenheim",393411.478944098
"102",1,5428642.20564393,"Dambach",399932.10876882
"103",2,5433923.45893055,"Wengelsbach",406198.170492712
"104",3,5432223.05943372,"Obersteinbach",404518.590226358
"105",4,5431530.52366197,"Niedersteinbach",406069.201624757
"106",5,5431020.98394624,"Wingen",413539.511341058
"107",6,5428941.03443273,"Lembach",411468.459971097
"108",7,5432216.13995718,"Weißenburg-Weiler",420533.568456218
"109",8,5432134.49785601,"Weißenburg (Wissembourg)",423411.839649651
"110",9,5431477.74977222,"Altenstadt",424685.090515333
"111",10,5430798.46510584,"Rott",420537.381795907
"112",11,5429885.85998023,"Oberhoffen-lès-Wissembourg",420910.441883933
"113",12,5429218.64348191,"Steinselz (Steinseltz)",421780.800997444
"114",13,5428149.32609079,"Kleeburg (Cleebourg)",419046.59305503
"115",14,5430096.69616865,"Klimbach (Climbach)",415947.22146561
"116",38,5421840.55618973,"Oberbronn",398081.593159655
"117",39,5422905.17877126,"Bad-Niederbronn (Niederbronn-Les-Bains)",400636.512805789
"118",40,5422905.17877126,"Niederbronn (GID von Niederbronn les bains)",400636.512805789
"119",41,5422905.17877126,"Bad-Niederbronn (Niederbronn-Les-Bains)",400636.512805789
"120",42,5420783.12239915,"Reichshofen (Reichshoffen)",402104.873174248
"121",43,5427397.00222734,"Lembach-Pfaffenbronn (Pfaffenbronn)",414494.212306172
"122",44,5426813.23353743,"Mattstall",409376.78237017
"123",45,5423347.66540873,"Lampertsloch",413408.252844195
"124",47,5422752.53636694,"Görsdorf (Goersdorf)",409788.014377911
"125",48,5421863.97837542,"Preuschdorf",412441.806646494
"126",49,5421322.14283813,"Merkweiler (Merkwiller-Pechelbronn)",414104.794686955
"127",50,5420989.69292132,"Diefenbach (Dieffenbach-Lès-Woerth)",410230.446761275
"128",51,5419876.4287695,"Oberdorf-Spachbach",408945.667551108
"129",52,5421187.37039188,"Wört (Woerth)",407998.716383519
"130",53,5421926.81733289,"Fröschweiler (Fr?schwiller)",406397.390151392
"131",54,5423899.51709883,"Nehweiler (Nehwiller)",405076.77963212
"132",55,5424684.49838274,"Langensulzbach (Langensoultzbach)",407319.360050893
"133",56,5427185.67389001,"Riedselz (Riedseltz)",423332.532410502
"134",57,5426482.17826176,"Bremmelbach",419538.182150523
"135",58,5425062.7722132,"Ingolsheim",422162.142179568
"136",59,5424301.59069798,"Oberseebach",426039.287131697
"137",60,5422835.92021025,"Hunspach",422628.87333646
"138",61,5420643.2758143,"Aschbach",425488.85909745
"139",62,5419581.98809765,"Stundweiler (Stundwiller)",426202.895907671
"140",63,5419548.7265828,"Leitersweiler (Leiterswiller)",422914.312800171
"141",64,5419954.38845552,"Hofen (Hoffen)",422445.200158948
"142",65,5418463.48208837,"Kühlendorf (Kuhlendorf) und Hohweiler",421095.847292637
"143",66,5420898.29206768,"Hermersweiler (Hermerswiller)",420323.142882689
"144",67,5422696.66496419,"Schönenburg (Schoenenbourg)",420441.892821202
"145",68,5421145.15801783,"Sulz u. W. (Soultz-Sous-Forêts)",418175.416066671
"146",69,5420721.54315424,"Kutzenhausen",416232.362325339
"147",70,5422531.53223941,"Retschweiler (Retschwiller)",417880.919301002
"148",71,5423637.74594517,"Memmelshofen (Memmelshoffen)",417361.320069043
"149",72,5424154.76102958,"Keffenach",418188.203523164
"150",73,5425422.41708591,"Birlenbach",418254.435765673
"151",74,5426543.15401507,"Drachenbronn",417354.021188869
"152",75,5424013.46012678,"Lobsann",415591.546305293
"153",76,5421263.70538689,"Oberkutzenhausen",415086.878967162
"154",119,5419476.07262758,"Zinsweiler",396717.741531873
"155",120,5418497.54036902,"Offweiler",393238.531221175
"156",121,5418013.93586974,"Rotbach",392193.469954579
"157",124,5414911.69815021,"Uhrweiler (Uhrwiller)",395807.253071184
"158",125,5415605.41694267,"Engweiler",398466.805358281
"159",126,5417846.19774111,"Gumbrechtshofen",399745.701948134
"160",127,5417930.60352703,"Gundershofen",401748.31244449
"161",128,5414803.04562075,"Mietesheim",400165.462211534
"162",129,5412676.4562131,"Bitschhofen",398715.751489186
"163",130,5411515.22884471,"Überach (Uberach)",399350.005036072
"164",131,5411162.72613528,"Niedermodern",399227.692326948
"165",132,5411071.78781577,"Pfaffenhofen",397929.221218166
"166",133,5413093.68086511,"Kindweiler",397122.491339879
"167",137,5411071.78781577,"Pfaffenhofen -Volksberg",397929.221218166
"168",138,5418835.60498321,"Gunstett",409496.585974262
"169",139,5418415.39040277,"Eberbach",406001.185433241
"170",140,5416586.48796962,"Forstheim",405792.165852561
"171",141,5417142.24655967,"Morsbronn (Morsbronn-Les-Bains)",407865.142616071
"172",142,5416156.27807672,"Hagenheim (Hegeney)",408049.732223986
"173",143,5416709.68430366,"Dürrenbach (Durrenbach)",409701.030691852
"174",144,5417032.73368719,"Biblisheim",411464.872084564
"175",145,5415547.29941564,"Walburg",411252.824982917
"176",146,5414277.68702376,"Eschbach",407346.912824788
"177",147,5415092.20225998,"Laubach",406180.509683849
"178",148,5413021.52410857,"Merzweiler (Mertzwiller)",403140.756513807
"179",149,5416098.31001943,"Griesbach",403135.530290011
"180",150,5418463.48208837,"Kühlendorf (Kuhlendorf)",421095.847292637
"181",151,5418462.35212383,"Reimersweiler",418245.162594865
"182",152,5418069.33006099,"Surburg",415671.360926071
"183",153,5417177.67021208,"Schwabweiler",417675.090191159
"184",154,5416768.91532883,"Oberbetschdorf",419242.905968439
"185",155,5416775.28863453,"Betschdorf",420578.597703617
"186",156,5416737.98945267,"Niederbetschdorf",420621.315498531
"187",157,5417132.70265829,"Rittershofen",423481.171630013
"188",158,5417035.30157481,"Hatten",425085.068544022
"189",159,5415211.47209426,"Walburg-Hinterfeld (Hinterfeld)",408775.521536034
"190",185,5409401.16591601,"Dauendorf",401296.224252921
"191",186,5408324.32489014,"Morschweiler",399206.565367194
"192",192,5406358.39699148,"Hüttendorf",400324.310832689
"193",205,5404202.55160374,"Wittersheim",401570.313081085
"194",206,5408346.42946934,"Uhlweiler",402663.118508609
"195",207,5407357.07121224,"Ohlungen",404583.154136243
"196",208,5408385.56347303,"Schweighausen (Schweighouse-Sur-Moder)",407158.011026326
"197",209,5408385.56347303,"Schweighausen (Schweighouse-Sur-Moder)",407158.011026326
"198",210,5407525.77925132,"Hagenau",411073.047004995
"199",211,5411483.04376612,"Walk (La Walck)",397999.11993752
"200",212,5400634.92370456,"Gries",412812.481691172
"201",213,5400776.88553751,"Weitbruch",410023.183632751
"202",214,5402889.32235666,"Niederschäffolsheim",407304.09283002
"203",215,5401246.06508841,"Kriegsheim",406429.246838622
"204",216,5401226.99655719,"Rottelsheim",405512.182351381
"205",217,5401083.06603673,"Bernolsheim",403778.385664636
"206",218,5401922.75593594,"Wahlenheim",403378.962439054
"207",219,5403679.59352843,"Hochstett",402863.288831477
"208",220,5404174.85641858,"Batzendorf",404972.643251352
"209",221,5405311.02488948,"Wintershausen",404722.334360684
"210",222,5409056.86140217,"Sufflenheim",423617.684777081
"211",223,5406519.93486986,"Schirrhofen",420649.899160642
"212",224,5405971.81956621,"Schirrhein",419637.379909067
"213",225,5404811.33443335,"Kaltenhausen",414448.190712139
"214",226,5403954.28440858,"Oberhofen (Oberhoffen-Sur-Moder)",416496.785370333
"215",227,5402322.59654519,"Bischweiler",416167.426527336
"216",228,5400900.97744454,"Rohrwiller",419550.551550728
"217",229,5407525.77925132,"Hagenau",411073.047004995
"218",230,5402789.80388343,"Falhünden (Dalhünden)",425671.177517214
"219",1000,5415092.20225998,"Rheinau (Rhinau)",406180.509683849
"220",1106,5395970.45290483,"Bilwisheim",401290.887315938
"221",1107,5395013.58407221,"Mittelschäffolsheim",400759.579950031
"222",1121,5399136.44415883,"Krautweiler",403437.522935328
"223",1122,5398272.91285186,"Brumath",405171.800978469
"224",1123,5397391.24427727,"Geudertheim",407835.425898141
"225",1124,5396939.59264293,"Bietlenheim",410457.408206544
"226",1125,5399258.76585142,"Kurzenhausen",412436.606669897
"227",1127,5394089.32057758,"Hördt",410425.884603391
"228",1128,5394599.31911314,"Olwisheim",402508.484752196
"229",1131,5397991.9533515,"Herlisheim (Herrlisheim)",419588.203527234
"230",1132,5395973.50560477,"Offendorf",420091.949239669
"231",1139,5393777.71276123,"Gambsheim",417555.105482264
"232",1140,5391927.3354283,"Kilstett",415927.908519606
"233",1235,5429218.64348191,"Breuschwickersheim",421780.800997444
"234",1236,5422881.9932512,"Achenheim",411000.589384318
"235",860,5372587.16787625,"Rosheim",386899.10508169
"236",861,5372587.16787625,"Rosheim",386899.10508169
"237",862,5372587.16787625,"Rosheim",386899.10508169
"238",863,5371487.31295333,"Bischofsheim (Bischoffsheim)",388924.604182398
"239",864,5370357.59648267,"Börsch (Boersch)",384702.275440994
"240",865,5370357.59648267,"Börsch (Boersch)",384702.275440994
"241",868,5368677.51695894,"Ottrott",384153.28417607
"242",869,5368677.51695894,"Ottrott",384153.28417607
"243",870,5367050.23036378,"St. Nabor (Sain-Nabor)",383472.656617811
"244",874,5370015.64688292,"Klingenthal",383051.626497305
"245",875,5373179.19797177,"Griesheim (Griesheim-Près-Molsheim)",391582.555500486
"246",1090,5393115.19748056,"Knörsheim",386682.467205485
"247",1096,5392066.96386122,"Zehnacker",385949.857196198
"248",1141,5388237.26030277,"Engenthal",374865.874003339
"249",1142,5386908.40953932,"Wangenburg",375263.175088487
"250",1143,5388237.26030277,"Engental",374865.874003339
"251",1148,5392022.54730075,"Jettersweiler",383294.564309107
"252",1149,5390667.56806295,"Krastatt",384126.871260893
"253",1150,5391484.46879249,"Rangen",387984.943941385
"254",1151,5390995.76066032,"Hohengöft",387567.108736421
"255",1152,5389154.80176322,"Romansweiler",382753.786259492
"256",1153,5388287.60901649,"Wasselnheim (Wasselonne)",385606.333141196
"257",1154,5388287.60901649,"Wasselnheim (Wasselonne)",385606.333141196
"258",1155,5386164.94552814,"Wangen",386975.757093617
"259",1156,5386426.26797374,"Marlenheim, Kärchheim",388760.658568237
"260",1157,5385153.05679591,"Kirchheim",389155.792576301
"261",1158,5384215.01615307,"Odratzheim",388513.391446074
"262",1159,5383305.2106127,"Scharrachbergheim",389087.687054645
"263",1160,5383623.14946976,"Tränheim",386800.789882799
"264",1163,5387746.17519194,"Koßweiler (Cosswiller)",382048.497009974
"265",1164,5384631.98409521,"Westhofen",385249.524872923
"266",1174,5388001.96642514,"Nordheim",390229.710831999
"267",1211,5378767.91998372,"Oberhaslach",376791.222365197
"268",1212,5378767.91998372,"Oberhaslach",376791.222365197
"269",1213,5376204.29850815,"Urmatt",376300.163929174
"270",1214,5375119.843131,"Mühlbach (Muhlbach-Sur-Bruche)",374246.18741451
"271",1215,5382398.0406737,"Balbronn",384757.642286942
"272",1216,5381505.76217337,"Bergbieten",386313.291549195
"273",1217,5381505.76217337,"Bergbieten",386313.291549195
"274",1218,5381027.40443915,"Dangolsheim",386876.279341622
"275",1219,5378609.61286138,"Still",382276.332338076
"276",1220,5377798.25103241,"Dinsheim (Dinsheim-Sur-Bruche)",383920.763541613
"277",1221,5377399.91710213,"Mutzig",385620.543168407
"278",1222,5377463.86373529,"Molsheim",388593.15667273
"279",1223,5375729.84401449,"Dorlisheim",388168.191976328
"280",1224,5377347.34689971,"Heiligenberg",381275.227656963
"281",1225,5377032.17291363,"Gressweiler",384241.746904585
"282",1226,5373701.77808896,"Rosenweiler",384841.414700158
"283",1227,5373973.7571358,"Mollkirch",380737.270309722
"284",1228,5382807.3078314,"Irmstett",387727.90696653
"285",1229,5377921.49210989,"Niederhaslach",377565.050596971
"286",1230,5381080.44683345,"Flexburg",384318.178091874
"287",1231,5380983.85673765,"Sulzbad (soultz-Les-Bains)",388391.123383282
"288",1232,5382542.7385804,"Dahlenheim",389864.242007488
"289",1238,5380636.78978333,"Ergersheim (wohnt seit '41 in Breitenau)",391415.068189606
"290",1239,5380636.78978333,"Ergersheim",391415.068189606
"291",1240,5379807.21615364,"Avolsheim",389359.802059664
"292",1241,5379645.97710244,"Dachstein",391708.189439296
"293",1242,5380076.17607752,"Ernolsheim",394114.267217517
"294",1244,5375962.6793391,"Düppigheim und Duttlenheim (Duppigheim)",395875.98758655
"295",1245,5375596.22065375,"Duttlenheim",394117.297994971
"296",1246,5375351.69896257,"Altdorf (Altorf)",391303.682212014
"297",1251,5380619.26866301,"Wolxheim",390138.797731281
"298",1274,5372388.73519093,"Grendelbruch",376155.953875178
"299",1275,5372388.73519093,"Grendelbruch",376155.953875178
"300",1276,5366256.90191519,"Natzweiler",371226.64878013
"301",15,5424119.40467883,"Hinsingen",352962.094150253
"302",16,5421664.05992579,"Altweiler (Altwiller)",352139.351121064
"303",17,5429211.61838325,"Örmingen (Oermingen)",363141.498328134
"304",18,5390104.47202838,"Völlerdingen (Voellerdingen)",392891.249355793
"305",19,5423702.77059711,"Domfessel",364683.202374336
"306",20,5421281.81015208,"Rimsdorf",362716.698774077
"307",21,5420531.8734147,"Saarwerden (Sarrewerden)",359651.258100838
"308",22,5422459.79153589,"Saarbuckenheim (Sarre-Union)",359901.378100787
"309",23,5422459.79153589,"Saarbuckenheim (Sarre-Union)",359901.378100787
"310",24,5425915.55571588,"Keskastel",356805.199395851
"311",25,5423194.98209716,"Schopperten",357450.903183988
"312",26,5421982.46186667,"Harskirchen",356374.831793121
"313",27,5422852.05624964,"Bissert",355353.170974707
"314",28,5426827.14228867,"Dehlingen",367631.990109276
"315",29,5425752.28156856,"Bütten (Butten)",369770.068627355
"316",30,5423947.54479883,"Ratzweiler (Ratzwiller)",371139.912295703
"317",31,5423779.01204577,"Lorenzen (Lorentzen)",366405.700692454
"318",32,5422438.0446923,"Diemeringen",367227.038988961
"319",33,5398248.3765615,"Mackweiler (Mackwiller)",380776.15634388
"320",34,5420740.27339382,"Waldhambach",369270.818857842
"321",35,5421305.0102987,"Rosteig",378303.571254842
"322",36,5419550.90305374,"Wingen (Wingen-Sur-Moder)",381410.245452563
"323",37,5421049.55763671,"Reipertsweiler (Reipertswiller)",387482.588743578
"324",46,5414792.77972914,"Mitschdorf",362999.836090402
"325",77,5419287.94108979,"Zollingen",359051.705563588
"326",78,5418190.52336006,"Pisdorf (Bischtroff-sur-Sarre)",358553.885654518
"327",79,5418217.13606957,"Burbach",361657.06878698
"328",80,5419090.29987748,"Tal bei Drulingen (Thal-Drulingen)",364093.720557857
"329",81,5417413.137136,"Berg",364639.468938525
"330",82,5415942.31139432,"Güngweiler (Gungwiller)",364934.562542934
"331",83,5414787.22198662,"Eyweiler (Eywiller)",362999.699537875
"332",84,5413558.67063933,"Eschweiler (Eschwiller)",361854.033129342
"333",85,5412956.38197966,"Weyer",365012.678251284
"334",86,5411151.68827363,"Bärendorf (Baerendorf)",359453.059399726
"335",87,5415771.44899364,"Wolfskirchen",358945.10520828
"336",88,5415771.44899364,"Wolfskirchen",358945.10520828
"337",89,5415804.0513801,"Diedendorf",357010.650064144
"338",90,5419178.01337904,"Puberg",376514.704256147
"339",91,5418536.00754492,"Hinsburg (Hinsbourg)",374587.796296805
"340",92,5418603.34008021,"Frohmühl (Frohmuhl)",373969.837713887
"341",93,5419901.46806712,"Weislingen",371911.78521983
"342",94,5418352.62339816,"Tieffenbach",371750.047978872
"343",95,5416705.95640552,"Strut (Struth)",372070.021857441
"344",96,5414351.56519312,"Petersbach",373042.397129198
"345",97,5413101.1096336,"Lützelstein (La Petite-Pierre)",376831.283697007
"346",98,5418409.70603464,"Adamsweiler (Adamswiller)",368350.200387987
"347",99,5416967.36085205,"Dürstel (Durstel)",367873.8861567
"348",100,5416398.83050642,"Bettweiler (Bettwiller)",366575.391493394
"349",101,5415682.70007016,"Aßweiler (Asswiller)",369482.882169226
"350",102,5414161.79956546,"Drulingen",367245.322868003
"351",103,5413975.1483556,"Ottweiler (Ottwiller)",370261.772588145
"352",104,5413100.14021761,"Lohr",371162.412604783
"353",105,5411573.52288986,"Sieweiler (Siewiller)",368429.463506793
"354",106,5417955.40618486,"Berg, Rexingen",366364.087046689
"355",107,5419851.32986727,"Lichtenberg",388783.328143805
"356",108,5418693.76065368,"Wimmenau",384198.015812423
"357",109,5417608.74774427,"Zittersheim",378745.524825128
"358",110,5414893.03498462,"Erkartsweiler (Erckartswiller)",379720.003417554
"359",111,5415053.15245734,"Sparsbach",383811.327057805
"360",112,5414351.70616868,"Weinburg (Weinbourg)",385627.732678376
"361",113,5414475.70192486,"Ingweiler (Ingwiller)",388565.938721624
"362",114,5412934.78609932,"Menchhofen (Menchhoffen)",389611.540770512
"363",115,5411430.69442975,"Uttweiler (Uttwiller)",388971.884589417
"364",116,5411829.81075683,"Niedersulzbach (Niedersoultzbach)",387477.554815412
"365",117,5412132.70802939,"Obersulzbach (Obersoultzbach)",386304.351853961
"366",118,5412326.0730593,"Weitersweiler (Weiterswiller)",383613.604730582
"367",122,5416589.84668453,"Bischholz",392981.263152089
"368",123,5415377.02570952,"Mühlhausen",393893.039112546
"369",134,5412270.98897606,"Zutzendorf",393615.261469617
"370",135,5414399.69534831,"Schillersdorf",391861.665657817
"371",136,5411216.24976876,"Obermodern",392831.86357174
"372",160,5411053.65784215,"Hirschland",361551.186089832
"373",161,5409624.17762135,"Kirberg (Kirrberg)",357755.54633988
"374",162,5408213.49286059,"Rauweiler",361174.442512514
"375",163,5406602.8334987,"Goerlingen",359179.850772327
"376",164,5408031.82659233,"Etschburg (Eschbourg)",374894.214365494
"377",165,5408799.08928,"Graufthal",373810.53823151
"378",166,5410439.73878412,"Schönburg (Schoenbourg)",372915.920477443
"379",167,5409964.37121022,"Büst (Bust)",370516.54618911
"380",168,5407289.85144086,"Pfalzweier (-weyer)",372102.289899948
"381",169,5409149.46844284,"Buchsweiler (Bouxwiller)",388327.376406832
"382",170,5409149.46844284,"Buchsweiler (Bouxwiller)",388327.376406832
"383",171,5407520.59607807,"Riedheim",388371.931883658
"384",172,5406559.11460134,"Imbsheim",386474.391380919
"385",173,5407907.09030423,"Griesbach Le Bastberg",385266.473210791
"386",174,5409110.11978753,"Neuweiler (Neuwiller-Lès-Saverne)",382811.525661695
"387",175,5407114.64791169,"Dossenheim (Dossenheim-Sur-Zinsel)",382621.287916881
"388",176,5405485.14308153,"Hattmatt",384238.804424402
"389",177,5405312.26662469,"Ernolsheim (Ernoldsheim-Lès-Saverne)",381030.826479982
"390",178,5403107.76350497,"St. Johann (Saint-Jean-Saverne)",379542.420094449
"391",179,5402905.66703978,"Eckartsweiler",379270.484328014
"392",180,5403069.13991282,"Steinburg (Steinbourg)",383414.035305845
"393",181,5402792.31617251,"Rosenweiler-Dettweiler",386165.627638315
"394",182,5401250.1151413,"Dettweiler",387312.195136167
"395",183,5403660.40792485,"Gottesheim",388281.617538822
"396",184,5405352.45079381,"Gottesheim-Prinzheim",388302.914786822
"397",187,5407717.09792036,"Ettendorf",396056.210398828
"398",188,5408475.0452022,"Büsweiler (Buswiller)",394241.218565895
"399",189,5409795.00979247,"Schalkendorf",394297.04077611
"400",190,5407744.27570368,"Kirrweiler",392099.859251757
"401",191,5407094.96084312,"Dringendorf",393837.578808183
"402",193,5404558.31388348,"Minversheim",398585.360197543
"403",194,5405366.02069948,"Alteckendorf",396798.592208552
"404",195,5405602.72498739,"Lixhausen",393310.398503878
"405",196,5405583.650691,"Zöbersdorf",391699.621158092
"406",197,5405583.650691,"Zöbersdorf",391699.621158092
"407",198,5406875.60328422,"Bosselshausen",390509.752518825
"408",199,5404387.68632741,"Wickersheim",392132.795290876
"409",200,5404162.43982474,"Bossendorf",394203.695337233
"410",201,5401734.5718911,"Melsheim",391210.447162346
"411",202,5401734.5718911,"Melsheim",391210.447162346
"412",203,5401468.32851292,"Hochfelden",394903.398918062
"413",204,5401288.74338168,"Schwindratzheim",397088.769503907
"414",231,5436059.39343292,"Silzheim (Siltzheim)",360525.628716431
"415",232,5430847.08350483,"Herbitzheim",359870.578045415
"416",1072,5394345.73071413,"Sankt Gallen",376935.331930131
"417",1073,5392977.77815718,"Reinhardsmünster",376131.327999923
"418",1074,5401611.09168557,"Otterstal",378607.997633878
"419",1075,5399783.47893839,"Zabern",379868.807896927
"420",1076,5399783.47893839,"Zabern",379868.807896927
"421",1077,5399783.47893839,"Zabern",379868.807896927
"422",1078,5398242.81885063,"Ottersweiler (Otterswiller)",380776.038126103
"423",1079,5396767.96161211,"Schweinheim (Schwenheim)",383273.994241188
"424",1080,5397358.70836074,"Furchhausen",385200.149410663
"425",1081,5397418.77564855,"Altenheim",387060.731415206
"426",1082,5399397.27835999,"Lupstein",388603.265133758
"427",1083,5399397.27835999,"Lupstein",388603.265133758
"428",1084,5396010.81365496,"Friedolsheim",388570.541253662
"429",1085,5395212.95249545,"Männolsheim",386876.447911815
"430",1086,5395662.49760385,"Wolschheim",386037.61528454
"431",1087,5394922.6758421,"Lochweiler",383455.694775891
"432",1088,5394344.03072932,"Kleingöft",385473.405954282
"433",1089,5393701.65372013,"Westhausen (Westhouse-Marmoutier)",385892.496069953
"434",1091,5394110.47935875,"Landersheim",389355.136544631
"435",1092,5395715.19524628,"Tal bei Maursmünster (Marmoutier)",378750.361645341
"436",1093,5394322.23764353,"Maursmünster",380858.320317309
"437",1094,5393681.6472937,"Reutenburg",382709.075027775
"438",1095,5392371.35969386,"Dimbstal",379209.861773399
"439",1097,5397018.10236553,"Hägen",377847.604788851
"440",1098,5398903.71297667,"Waldolwisheim",385016.991145565
"441",1099,5396896.14230397,"Gingsheim",396208.996459261
"442",1100,5398705.96135801,"Schaffhausen bei Hochfelden (schaffhouse-sur-Zorn)",394268.255475184
"443",1101,5399637.12337097,"Mutzenhausen (Mutzenouse)",396206.055489265
"444",1102,5400352.94597641,"Waltenheim",399265.782530474
"445",1103,5397450.85996703,"Wingersheim",399512.293056697
"446",1104,5396785.21943383,"Hohatzenheim",398195.809298155
"447",1105,5396044.88957245,"Mittelhausen",399292.821614444
"448",1108,5394147.31378009,"Rumersheim",399577.498792202
"449",1109,5394588.61655162,"Gimbrett",397554.555641911
"450",1110,5392361.93617157,"Reitweiler",398077.236571345
"451",1111,5392639.97922198,"Berstett",401183.691400449
"452",1112,5396562.52345927,"Dunzenheim",392260.87926558
"453",1113,5396136.85905371,"Sässolsheim",390755.097271696
"454",1114,5395304.9019947,"Gugenheim",394483.787589766
"455",1115,5394690.50004242,"Rohr",393106.035953697
"456",1116,5393864.6076816,"Kienheim",395392.40787312
"457",1117,5391932.27377434,"Willgottheim",390425.030201104
"458",1118,5400516.21698001,"Wilwisheim",390279.347236517
"459",1119,5399041.81135329,"Ingenheim",391244.927751114
"460",1120,5390437.88473647,"Schnersheim",394546.237697966
"461",1144,5390842.26442364,"Birkenwald",378130.105101709
"462",1145,5391763.5087057,"Salental",380019.552284366
"463",1146,5394322.23764353,"Maursmünster (Marmoutier)",380858.320317309
"464",1147,5392082.37986078,"Singrist",381288.784716232
"465",1161,5390435.65649347,"Allenweiler",380545.227745506
"466",1162,5391937.97586548,"Hengweiler",377246.412559743
"467",1165,5390631.86987041,"Winzenheim (Wintzenheim-Kochersberg)",390622.865967791
"468",1166,5390104.47202838,"Ittlenheim",392891.249355793
"469",1168,5390951.29687321,"Truchtersheim",397445.445504122
"470",1169,5390595.52883292,"Pfettisheim",400096.60420029
"471",1170,5388366.75629932,"Wiwersheim",397409.325762719
"472",1171,5387463.90728816,"Offenheim",398203.570802129
"473",1172,5387463.90728816,"Stutzheim-Offenheim",398203.570802129
"474",1173,5388868.07916411,"Küttolsheim",391379.941685435
"475",1175,5387706.05317803,"Fessenheim (Fessenheim-le-Bas)",392365.004166129
"476",1176,5388215.20330306,"Dossenheim-Kochersberg",394898.790528561
"477",1177,5386903.07891126,"Quatzenheim",394901.539033717
"478",1178,5385635.30228639,"Hürtigheim",396350.182858312
"479",1179,5385459.58879633,"Fürdenheim",394141.694160414
"480",1180,5384392.48183721,"Ittenheim",396454.86796428
"481",1181,5384392.48183721,"Ittenheim",396454.86796428
"482",1182,5390820.51110816,"Kleinfrankenheim",395491.84196685
"483",1187,5388600.38259147,"Pfulgriesheim",402078.617982901
"484",1188,5387144.64970369,"Dingsheim, Griesheim",401839.525758911
"485",1234,5385459.58879633,"Fürdenheim",394141.694160414
"486",877,5371934.28402025,"Lipsheim",401712.546738879
"487",886,5371572.55632102,"Fegersheim",402440.149557845
"488",887,5371572.55632102,"Fegersheim",402440.149557845
"489",888,5371333.90525091,"Eschau",405094.528425294
"490",889,5369270.13554446,"Plobsheim",405638.792573838
"491",1126,5371572.55632102,"Vegersheim (Fegersheim)",402440.149557845
"492",1129,5392978.65364243,"Eckwersheim",403835.048015376
"493",1130,5391497.20337796,"Vendenheim",405233.959995223
"494",1183,5390243.78641555,"Wanzenau",413528.071248848
"495",1184,5389109.80187344,"Reichstett",408195.184446348
"496",1185,5388432.77916454,"Mundolsheim",405373.109861535
"497",1186,5389381.31155496,"Lamgertheim",404315.673972623
"498",1189,5387701.6693606,"Suffelweyersheim",407279.037627669
"499",1190,5386377.47929546,"Niederhausbergen",404224.742584596
"500",1191,5385378.84722153,"Mittelhausbergen",403648.90730003
"501",1192,5382120.49023166,"Straßburg",406790.189549552
"502",1193,5383250.21989074,"Kronenburg (Cronenbourg)",406516.091190362
"503",1194,5384408.46303294,"Schiltigheim",407747.535896432
"504",1195,5385390.71393944,"Straßburg-Bischheim",408057.049268124
"505",1196,5386078.82367802,"Hönheim",408268.792213809
"506",1197,5384458.20760327,"Straßburg-Oberhausbergen",403066.842556645
"507",1198,5384801.53805679,"Straßburg-Ruprechtsau",411590.103424764
"508",1233,5382486.05136873,"Osthofen",393564.959065217
"509",1237,5382400.55277494,"Oberschäffolsheim",400618.552674561
"510",1243,5379332.71654009,"Hangenbieten",397828.40880853
"511",1247,5373406.0792906,"Bläsheim",397169.871578202
"512",1248,5374449.41119255,"Geispolsheim",399808.345082033
"513",1249,5376567.09786635,"Enzheim",399332.713704127
"514",1250,5379660.31924281,"Kolbsheim",395845.317043873
"515",1255,5375878.00004874,"Illkirch-Grafenstaden",404895.390645058
"516",1256,5375878.00004874,"Illkirch-Grafenstaden",404895.390645058
"517",1257,5381939.31677256,"Wolfisheim",401621.088939103
"518",1258,5381524.31861227,"Eckbolsheim",403177.164365225
"519",1259,5379125.99952743,"Holzheim",399931.201305454
"520",233,5333158.66858765,"Kaysersberg",370680.310051967
"521",234,5336112.93643195,"Reichenweier (Riquewhir)",373577.647700273
"522",235,5335224.18735161,"Bebelnheim (Beblenheim)",375261.009225792
"523",236,5327313.89629302,"Türkheim (Turckheim)",371825.280553393
"524",237,5329722.16597938,"Katzenthal",372335.662434711
"525",238,5328821.33971211,"Niedermorschweiher",371644.474345626
"526",239,5332889.78904875,"Kientzheim",372553.656105096
"527",240,5333770.17058172,"Bennweier",375343.151343667
"528",241,5332437.93116611,"Sigolsheim",373775.528048467
"529",242,5328089.43347195,"Ingersheim",373958.994258015
"530",243,5330198.55872026,"Zell (Labaroche)",365466.016736553
"531",244,5331577.35426328,"Ammerschweier",372367.339530999
"532",245,5334315.56880283,"Mittelweier",375114.688921384
"533",246,5334823.72505271,"Ostheim",378784.190792889
"534",247,5328763.52095462,"Munzenheim (Muntzenheim)",386332.198714481
"535",248,5328533.64679909,"Bischweier",383659.0629814
"536",249,5329756.55952371,"Holzweier",382794.793427085
"537",250,5331236.80820036,"Riedweier",384310.260288763
"538",251,5329380.77301001,"Wickerschweier",383775.308121379
"539",252,5331068.6316695,"Jebsheim",386715.17372503
"540",253,5331468.00944461,"Hausen bei Kolmar (Houssen)",379199.946969311
"541",255,5327457.4714668,"Fortschweier",384753.123473832
"542",256,5333444.33187449,"Grussenheim",387523.440050803
"543",264,5327599.15620209,"Dürrenenzen (Dürrenentzen)",388609.32443419
"544",265,5327666.11393627,"Balzenheim (Baltzenheim)",392497.309687144
"545",266,5330230.45263733,"Arzenheim (Artzenheim)",391529.896735124
"546",299,5322634.46301878,"Münster (Munster)",360759.605747063
"547",300,5322634.46301878,"Münster (Munster)",360759.605747063
"548",301,5325125.17437866,"Sulzern (Soultzeren)",358635.15766852
"549",302,5319572.3574905,"Metzeral",356179.248544774
"550",303,5321182.04458426,"Eschbach",361775.400631525
"551",304,5324049.74434106,"Hohrod",360362.9990299
"552",305,5321465.83716159,"Luttenbach (Luttenbach-Près-Munster)",359657.158845293
"553",306,5320692.63296684,"Breitenbach (Breitenbach-Haut-Rhin)",358401.369164466
"554",307,5324692.14989373,"Hohrodberg",361065.222198466
"555",308,5324081.01289179,"Stossweier",358541.57900503
"556",309,5320939.92328753,"Mühlbach (Muhlbach-Sur-Munster)",357395.896774874
"557",310,5321643.58879172,"Griesbach (Griesbach-Au-Val)",363634.005460046
"558",311,5323071.7346374,"Günsbach (Gunsbach)",363855.83104493
"559",312,5328763.52095462,"Munzenheim (Muntzenheim)",386332.198714481
"560",313,5324504.44725003,"Wettolsheim",373808.607209036
"561",316,5321315.86630125,"Häusern",371827.701768402
"562",317,5324780.11794654,"Walbach",367692.817990604
"563",318,5323656.3414582,"Weier (Wihr-Au-Val)",366281.646249937
"564",319,5319514.4914019,"Herlisheim (Herrlisheim)",375417.013642615
"565",320,5322082.20508281,"Sulzbach (Soultzbach-Les-Bains)",366070.460386373
"566",321,5319668.39660994,"Obermorschweier",373260.624302885
"567",322,5319899.54014974,"Vöklinshofen (Voegtlinshoffen)",371913.218431913
"568",323,5322323.36517382,"Egisheim",373630.892087927
"569",324,5325873.05903983,"Zimmerbach",368715.936426166
"570",325,5326707.22745243,"Kolmar (/Hausen an der Möhlin)",378126.451651737
"571",326,5326707.22745243,"Kolmar",378126.451651737
"572",327,5326707.22745243,"Kolmar",378126.451651737
"573",328,5326707.22745243,"Kolmar",378126.451651737
"574",329,5326707.22745243,"Kolmar",378126.451651737
"575",330,5326707.22745243,"Kolmar",378126.451651737
"576",331,5322237.00013448,"Sundhofen (Sundhoffen)",381864.05720327
"577",332,5318305.30392472,"Heiligkreuz (Sainte-Croix-en-Plaine)",379403.712559224
"578",333,5327295.96945851,"Logelbach",374139.722275299
"579",334,5324395.60073818,"Widensolen",386750.889720477
"580",335,5326569.32639513,"Horburg (Horboug)",380344.621782497
"581",336,5319869.71118953,"Logelnheim (Logelheim)",381381.964009856
"582",337,5326901.94674695,"Weier auf dem Land (Wihr-en-Plaine)",381676.225934818
"583",338,5325032.03312157,"Andolsheim",381931.270618944
"584",339,5320361.22828216,"Appenweier (Appenwihr)",383662.529351545
"585",340,5317941.0223268,"Hettenschlag",384971.548009486
"586",341,5327073.70944663,"Urschenheim",387277.560423642
"587",347,5319395.33336947,"Neubreisach (Neuf-Brisach)",390317.065957414
"588",348,5325995.49362758,"Künheim (Kunheim)",390825.332520046
"589",349,5319194.97682573,"Volgelsheim",392090.853063462
"590",350,5318519.88105062,"Vogelgrün (Vogelgrun)",393533.684714007
"591",351,5321823.97160705,"Biesheim",391525.101497987
"592",352,5320439.55280388,"Wolfganzen",388286.775728101
"593",353,5317933.2509055,"Algolsheim",392377.544885869
"594",354,5317662.74878024,"Umgebung von Neubreisach (Weckolsheim)",389118.489865188
"595",385,5318253.74671636,"Wasserburg Kreis Colmar (Wasserbourg)",362715.435339094
"596",386,5317676.11620977,"Sondernach",356228.831131974
"597",387,5318621.89971775,"Mittlach",353303.758733247
"598",404,5314695.1334012,"Dessenheim",387180.683845441
"599",410,5310950.53541839,"Rüstenhart (Rustenhart)",385262.803582507
"600",413,5313935.96041233,"Heiteren",390860.236281177
"601",417,5316170.2890007,"Obersaasheim",392476.647008551
"602",418,5314895.03190568,"Geiswasser",395555.984276979
"603",419,5309920.57967627,"Nambsheim",392610.166597661
"604",420,5309419.41094944,"Balgau",390879.985172329
"605",486,5302840.17508507,"Münchhausen (Munchhausen)",384289.675363713
"606",487,5305078.31926886,"Roggenhausen",385403.911445838
"607",488,5307391.72654167,"Hirzfelden",383974.222048779
"608",572,5327313.89629302,"Helfrantskirch (Helfrantzkirch)",371825.280553393
"609",646,5307975.25993878,"Fessenheim (Gutenstein)",390699.43029175
"610",647,5307975.25993878,"Fessenheim",390699.43029175
"611",648,5304476.59827182,"Blodelsheim",390396.810747869
"612",649,5300968.61947799,"Rumersheim (Rumersheim-le-Haute)",389070.049387929
"613",975,5347837.42124067,"Leberau (Lièpvre)",372496.44689122
"614",1022,5345114.30709598,"Markich (Sainte-Marie-Aux-Marines)",364861.548937845
"615",1023,5347837.42124067,"klein Leberau (Lièpvre)",372496.44689122
"616",1024,5345114.30709598,"Markich (Sainte-Marie-Aux-Marines)",364861.548937845
"617",1025,5345114.30709598,"Markich (Sainte-Marie-Aux-Marines)",364861.548937845
"618",1026,5343198.12437177,"Glashütte",374047.958677155
"619",1027,5343198.12437177,"Tannenkirch (Thannenkirch)",374047.958677155
"620",1028,5339169.53663486,"Rappoltsweiler (Ribeauvillé)",375512.157660455
"621",1029,5336632.04535983,"Zellenberg",375001.63980389
"622",1030,5337777.90860622,"Hunaweier (Hunawihr)",374875.739388194
"623",1033,5342565.42990695,"Rodern",377986.180973648
"624",1034,5340504.9448218,"Bergheim",377987.455880727
"625",1035,5338284.66778055,"Gemar (Guémar)",380551.403485041
"626",1036,5338011.09904591,"Illhäusern (Illhaeusern)",383569.073741823
"627",1037,5341538.15961873,"Rohrschweier (Rorschwihr)",378394.493901153
"628",314,5318230.68719117,"Geberschweiher (Gueberschwihr)",371455.892349983
"629",315,5318898.53461117,"Hattstatt",373227.975391613
"630",381,5310423.95611396,"Krüt (Kruth)",348089.909331976
"631",382,5316244.13693525,"Wildenstein bei Krüt, Kreis Tann",347994.741083538
"632",383,5312012.78214478,"Lintal (Linthal, Kreis Tann)",360321.364578795
"633",384,5311427.71690001,"Lautenbach (Kreis Tann)",362499.448368714
"634",388,5309399.86516321,"Murbach",362572.889414808
"635",389,5311352.48342235,"Lautenbachzell",361786.319695879
"636",390,5311611.55159577,"Sengern",359763.202274519
"637",391,5313222.30079307,"Rufach (Rouffach)",372863.823928136
"638",392,5316304.4626235,"Osenbach",367114.497420374
"639",393,5313033.55297123,"Westhalten",370061.76019603
"640",394,5315028.26020562,"Winzfelden (Wintzfelden)",365519.214716751
"641",395,5309747.0681468,"Gundolsheim",372580.844705105
"642",396,5311073.91185442,"Schweighausen Kreis Gebweiler (Schweighouse bei Lautenbach)",363865.152021837
"643",397,5309938.7475157,"Bergholzzell, Orschweier (Bergholtzzell, Orschwihr)",368161.74302002
"644",398,5310287.60468323,"Orschweier (Orschwihr)",367980.659783563
"645",399,5314024.21653966,"Sulzmatt (Soultzmatt)",368207.426953668
"646",400,5314024.21653966,"Sulzmatt (Soultzmatt)",368207.426953668
"647",401,5309907.39611608,"Bühl Landkreis Gebweiler (Buhl)",364526.66513868
"648",402,5316410.80081133,"Pfaffenheim",372437.107771159
"649",403,5316410.80081133,"Pfaffenheim",372437.107771159
"650",405,5312752.83475529,"Bilzheim (Biltzheim)",379546.436147001
"651",406,5311296.95932826,"Oberenzen (Oberentzen)",378929.538564702
"652",407,5311859.47857361,"Niederenzen",379146.037107024
"653",408,5316008.22391584,"Niederhergheim",380464.007536726
"654",409,5311296.95932826,"Oberenzen",378929.538564702
"655",411,5313709.75214093,"Oberhergheim",380152.651895319
"656",412,5313709.75214093,"Oberhergheim",380152.651895319
"657",454,5308290.2998201,"Oderen",348703.633609055
"658",455,5306727.55741367,"Fellerlingen (Fellering)",349476.371989206
"659",456,5305498.48305172,"Hüsseren-Wesserling (Husseren-Wesserling)",349611.129696505
"660",457,5304108.94709446,"Mollau",348566.280709847
"661",458,5305270.18431124,"Urbis, St. Amarintal (Urbès)",347125.191094579
"662",459,5304967.60330281,"Ranspach",351300.792255279
"663",460,5303913.25793804,"Mitzach",350829.168746121
"664",461,5303149.52528072,"Malmerspach",353030.550869379
"665",462,5300709.14070391,"Weiler",355653.110581023
"666",463,5304132.14990301,"St. Amarin",352830.341804987
"667",464,5302673.29171586,"Moosch",354049.727347358
"668",465,5303991.88287188,"Goldbach-Altenbach",358168.988209367
"669",466,5307367.28561387,"Rimbach bei Gebweiler (Rimbach-près-Guebwiller)",362238.814433688
"670",467,5304806.67772925,"Geishausen",354827.059945889
"671",468,5306733.47464098,"Rimbach-Zell (Rimbachzell)",363971.258842258
"672",469,5306733.47464098,"Rimbach-Zell (Rimbachzell)",363971.258842258
"673",470,5307790.99561499,"Gebweiler (Guebwiller)",366301.148409903
"674",471,5305162.94004612,"Sulz (Soultz-Haut-Rhin)",367574.596204817
"675",472,5303854.14168367,"Wünheim",366128.365903425
"676",473,5307790.99561499,"Gebweiler (Guebwiller)",366301.148409903
"677",478,5305221.49874343,"Rädersheim (Raedersheim)",371577.358911234
"678",479,5306981.88890389,"Isenheim (Issenheim)",369487.848113191
"679",480,5307733.44210494,"Merxheim",372375.607240932
"680",481,5307790.99561499,"Gebweiler (Guebwiller)",366301.148409903
"681",482,5307790.99561499,"Gebweiler (Guebwiller)",366301.148409903
"682",483,5307790.99561499,"Gebweiler (Guebwiller)",366301.148409903
"683",485,5302631.10094238,"Ensisheim",376921.930274095
"684",489,5307746.78757434,"Meienheim (Meyenheim)",377398.752841512
"685",490,5306211.75264893,"Regisheim (Réguisheim)",376905.517714078
"686",682,5296763.17479467,"Dollern (Dolleren)",345169.299328907
"687",683,5297051.01024576,"Oberbruck",346010.859566793
"688",684,5298569.92996541,"Rimbach-Pès-Masevaux)",346355.372491678
"689",685,5295980.44846142,"Kirchberg-Wegscheid",347212.025455936
"690",686,5294173.11924191,"Sickert, Niederbruck",348614.712779367
"691",687,5296964.04722712,"Sewen",343284.377759018
"692",688,5292986.1103846,"Masmünster (Masevaux)",349697.734901068
"693",689,5294241.83235151,"Niederbruck",348071.595329469
"694",690,5295428.6896146,"Oberburbach (Bourbach-Les-Haut)",352449.045944307
"695",691,5293147.80555553,"Niederburbach (Bourbach-Le-Bas)",354561.110386197
"696",692,5290993.17183467,"Sentheim",354186.080078661
"697",693,5291273.37191861,"Aue (Lauw)",351775.525498242
"698",694,5293440.38845088,"Rodern",356743.712398726
"699",695,5295046.94885628,"Leimbach",357704.391839679
"700",696,5296945.64408547,"Tann (Thann)",358002.751162399
"701",697,5296561.36665447,"Alttann (Vieux-Thann)",359394.966887289
"702",698,5299112.48729253,"Tann-Bitschweiler (Bitschwiller-Lès-Thann)",356267.728305008
"703",699,5293193.16736299,"Oberasbach (Aspach-Le-Haute)",360172.169537876
"704",700,5291481.96773511,"Niederasbach (Aspach-Le-Bas)",361415.250876484
"705",701,5297988.11209342,"Steinbach",361886.901109691
"706",702,5294689.8007912,"Rammersmatt",355511.108901866
"707",703,5297880.28834524,"Uffholz",363619.610809515
"708",704,5296698.32205628,"Sennheim (Cerany)",363616.471091637
"709",708,5299623.58731216,"Wattweiler (Wattwiller)",363632.2588735
"710",759,5290601.99648357,"Gewenheim",356943.519127835
"711",760,5288532.85479932,"Obersulzbach Kreis Tann (Soppe-Le-Haut)",354337.281638082
"712",761,5286598.75000311,"Niedersulzbach (soppe-Le-Bas)",356806.517535832
"713",762,5287822.54685372,"Oberburnhaupt (Burnhaupt-Le-Haut)",361270.026218206
"714",763,5286456.80663261,"Niederburnhaupt (Burnhaupt-Le-Bas)",362026.076263291
"715",768,5289074.29137072,"Morzweiler (Mortzwiller)",353151.378834834
"716",769,5290443.4484335,"Schweighausem (Schweighouse-Thann)",362627.015890683
"717",474,5300992.58380438,"Berrweiler (Berrwiller)",366484.197239349
"718",475,5299281.93619531,"Pulversheim",372919.409163844
"719",476,5302212.88127097,"Bollweiler (Bollwiller)",369825.991945586
"720",477,5304120.33554072,"Ungersheim",373203.056084436
"721",484,5302745.59498601,"Feldkirch",370762.82321414
"722",514,5270497.28314989,"Oberranspach (Ranspach-le-Haut)",380992.137683694
"723",515,5269259.7129591,"Obermichelbach (Michelbach-le-Haut)",383145.306641386
"724",516,5269557.35649968,"Attenschweiler (Attenschwiller)",384333.318023215
"725",517,5267618.10055478,"Volkensberg (Folgensbourg)",383176.427659944
"726",518,5267618.10055478,"Volkensberg (Folgensbourg)",383176.427659944
"727",519,5267452.18969623,"Wenzweiler (Wentzwiller)",385661.492528728
"728",520,5264332.93189509,"Oberhagental (Hagenthal-le-Haut)",384794.648331981
"729",521,5264502.23914943,"Niederhagental (Hagenthal-le-Bas)",385343.954232045
"730",529,5271734.5593765,"Niederranspach (Ranspach-le-Bas)",383255.778238908
"731",533,5261749.47062649,"Liebenzweiler (Liebenswiller)",383881.085864796
"732",534,5261334.96322437,"Leimen (Leymen)",385678.931311905
"733",540,5270272.47661592,"Häsingen (Hésingue)",388781.596239689
"734",541,5268466.00391335,"Buschweiler (Buschwiller)",387903.588565915
"735",542,5268582.10852707,"Hegenheim (Hégenheim)",388925.472791475
"736",543,5271259.45489644,"Sankt Ludwig (Saint-Louis)",391990.295555909
"737",544,5264508.57207578,"Neuweiler (Neuwiller)",388232.020542477
"738",546,5270480.10765234,"Burgfelden (Bourgfelden)",390737.666584984
"739",561,5279671.29115033,"Obersteinbrunn (Steinbrunn-le-Haut)",375861.16064123
"740",562,5280538.64028137,"Geispitzen",381562.063439891
"741",563,5279392.66419799,"Waltenheim",381875.256556871
"742",564,5278643.78366902,"Uffheim",383062.82281487
"743",565,5278910.80230669,"Sierenz (Sierentz)",384053.784697243
"744",566,5276648.46256879,"Wahlbach",375951.507382107
"745",567,5277433.43189297,"Niedermagstatt (Magstatt-le-Bas)",380686.56272369
"746",568,5275939.10218356,"Stetten",381999.085343709
"747",569,5276736.76378754,"Bartenheim",385596.121368611
"748",573,5272194.53818008,"Niedermichelbach (Michelbach-le-Bas)",384555.554022727
"749",574,5272194.53818008,"Niedermichelbach (Michelbach-le-Bas)",384555.554022727
"750",575,5275214.99258408,"Kappeln (Kappelen)",382896.984728696
"751",576,5275921.16791248,"Brinkheim (Brinckheim)",384222.724246863
"752",577,5278945.81624187,"Rantsweiler (Rantzwiller)",378043.127242727
"753",578,5278750.86920805,"Kötzingen (K?tzingue)",379395.092170957
"754",579,5278750.86920805,"Kötzingen (K?tzingue)",379395.092170957
"755",580,5275773.86826149,"Zässingen (Zaessingue)",377349.034309843
"756",592,5276978.6346283,"Rosenau",389948.682797611
"757",593,5275558.32501214,"Neuweg-Bartenheim",389452.091210462
"758",594,5273081.39887184,"Boltzheim (Blotzheim)",386956.047251659
"759",595,5273081.39887184,"Boltzheim (Blotzheim)",386956.047251659
"760",596,5273081.39887184,"Boltzheim (Blotzheim)",386956.047251659
"761",597,5273423.2872262,"Neudorf (Village-Neuf)",392630.349227626
"762",598,5271837.17722223,"Hüningen (Huningue)",393522.417864042
"763",705,5296733.73012294,"Wittelsheim",368280.930455451
"764",706,5296733.73012294,"Wittelsheim",368280.930455451
"765",707,5298488.58692261,"Staffelfelden",369399.90200224
"766",709,5291111.04465755,"Lutterbach",371232.994927329
"767",710,5290031.65333837,"Mülhausen",375861.15287438
"768",711,5290031.65333837,"Mülhausen",375861.15287438
"769",712,5297838.54614176,"Rülisheim",377146.343999193
"770",713,5296611.54943685,"Wittenheim",375715.940727258
"771",714,5294328.78188852,"Kingersheim",375356.72389715
"772",715,5293410.56189476,"Illzach",376281.215627757
"773",716,5294082.25938053,"Sausheim",377899.829463926
"774",717,5295514.04006661,"Baldersheim",378548.782546967
"775",718,5293410.56189476,"Napoleonsinsel (Ile Napoléon), Illzach",376281.215627757
"776",719,5291921.75961812,"Modenheim",377117.452613655
"777",720,5291921.75961812,"Modenheim",377117.452613655
"778",721,5297270.3948495,"Battenheim",378939.103295246
"779",722,5296929.89665734,"Eichwald (Chalampé)",390682.703574785
"780",736,5290605.72055017,"Homburg Kreis Mülhausen (Hombourg)",387964.94431606
"781",737,5293663.27531469,"Ottmarsheim",388131.179633369
"782",738,5297883.49559115,"Banzenheim (Bantzenheim)",388774.250567675
"783",770,5289929.30608795,"Reinigen",367471.466030509
"784",771,5288408.36738147,"Niedermorschweiler (Morschwiller-Le-Bas)",370068.84553802
"785",772,5286295.94673931,"Didenheim",372719.844251917
"786",774,5283684.2731996,"Zillisheim",372054.550557507
"787",775,5283999.56532678,"Flachslanden (Flaxlanden)",373141.670773319
"788",780,5285109.30011647,"Galfingen (Galfingue)",366829.231325729
"789",784,5287460.5629076,"Heimsbrunn",367044.446549404
"790",785,5286668.93386391,"Brunnstatt (Brunstatt)",373817.449408808
"791",786,5289104.57938155,"Rixheim",379864.018238386
"792",787,5289104.57938155,"Napoleoninsel Rixheim",379864.018238386
"793",788,5287354.45023805,"Habsheim",381273.32155267
"794",789,5286451.59732648,"Zimmersheim",379173.607559313
"795",790,5284341.67003752,"Brubach Landkreis Mülhausen",376932.07194162
"796",791,5283401.322599,"Dietenweiler (Dietwiller)",380164.083779572
"797",792,5282279.89397229,"Schlierbach",380414.256549598
"798",793,5282688.6048049,"Landser",379627.6122882
"799",794,5281159.63140687,"Niedersteinbrunn (Steinbrunn-Le-Bas)",377349.066580208
"800",795,5289765.7477755,"Mülhausen-Riedisheim",377700.887503642
"801",796,5285577.08593446,"Eschenzweiler (Eschentzwiller)",379845.767431473
"802",797,5287382.22217149,"Kleinlandau (Petit-Landau)",389087.068389801
"803",806,5282674.27392112,"Kembs-Neuweg",387733.714028431
"804",807,5282674.27392112,"Kembs",387733.714028431
"805",808,5282674.27392112,"Kembs",387733.714028431
"806",809,5285537.62395765,"Niffer",388167.941342312
"807",859,5273859.94948252,"Menglatt (Magny)",381018.625891856
"808",1167,5291115.49011501,"Neugartheim und Ittlenheim",371233.09365825
"809",491,5270255.60502522,"Heimersdorf",367787.061549389
"810",492,5271480.65658156,"Bettendorf",370425.251084569
"811",493,5271622.83642884,"Weiler (Kreis Altkirch)",373624.696836275
"812",494,5269190.5386133,"Grenzingen",372174.5264585
"813",495,5269171.24091442,"Largitzen",363641.193361797
"814",496,5266105.40335473,"Bisel",366056.054639596
"815",497,5266745.06824112,"Riespach",371033.085515006
"816",498,5266745.06824112,"Riespach",371033.085515006
"817",499,5266624.3946491,"Roppenzweiler (Roppenzwiller)",374480.880779034
"818",500,5267728.38960931,"Waldighofen",373299.477490766
"819",501,5269011.09723898,"Rüderbach (Ruederbach)",369729.197108795
"820",502,5262475.89864206,"Pfetterhausen (Pfetterhouse)",361906.308813928
"821",503,5263311.64863769,"Mooslargue",365842.11286446
"822",504,5262867.76809819,"Köstlach (K?stlach)",369788.817186092
"823",505,5266358.00913114,"Niedersept (Seppois-le-Bas)",362741.180204185
"824",506,5260596.33827164,"Dürlinsdorf (Durlinsdorf)",367504.325113481
"825",507,5262439.09096706,"Mörnach (M?rnach)",368721.43336487
"826",508,5262492.97777652,"Altpfirt (Vieux-Ferrette)",372009.869405447
"827",509,5262492.97777652,"Altpfirt",372009.869405447
"828",510,5262492.97777652,"Altpfirt",372009.869405447
"829",511,5260781.64308631,"Bendorf",370552.566477346
"830",512,5259042.55347262,"Lüxdorf (Ligsdorf)",372587.245475153
"831",513,5257828.1297024,"Winkel",369120.196189731
"832",522,5267254.82594025,"Mittelmüspach-Niedermüspach (Muespach)",378155.912990049
"833",523,5262591.66397971,"Buchsweiler (Bouxwiller)",375265.182961076
"834",524,5265081.03299925,"Dürmenach (Durmenach)",374849.865437537
"835",525,5263912.42528931,"Werenzhausen (Werentzhouse)",376368.925885043
"836",526,5262462.69566858,"Fislis",378220.227359546
"837",527,5268218.58026501,"Steinsulz (Steinsoultz)",375320.478800309
"838",528,5271509.54122759,"Berenzweiler (Berentzwiller)",378432.738896297
"839",530,5260110.48244611,"Sondersdorf",374569.380651024
"840",531,5260714.82344926,"Oltingen (Oltingue)",379030.137399655
"841",532,5260714.82344926,"Oltingen (Oltingue)",379030.137399655
"842",535,5259230.11046182,"Rädersdorf (Raedersdorf)",376918.236548769
"843",536,5258334.94474088,"Lutter",377988.825998579
"844",537,5257695.37002083,"Wolschweiler (Wolschwiller)",379994.668724283
"845",538,5258538.77413176,"Biedertal (Biederthal)",383039.423939268
"846",539,5255423.25428669,"Kiffis",376233.307208213
"847",547,5279978.95139549,"Heidweiler (Heidwiller)",367848.987048899
"848",548,5279428.90891828,"Lümschweiler (Luemschwiller) und Tagolsheim",371406.47572977
"849",549,5277938.1140967,"Obermorschweiler (Obermorschwiller)",373067.25825497
"850",550,5277720.54938307,"Walheim",369629.072081298
"851",551,5277811.67186539,"Aspach",367318.06772432
"852",552,5274999.66703074,"Karspach (Carspach)",365714.950686442
"853",553,5276224.60184642,"Altkirch",367774.260624911
"854",554,5276224.60184642,"Altkirch",367774.260624911
"855",555,5275519.12076895,"Wittersdorf",370620.9725111
"856",556,5275919.94211542,"Emlingen",371702.546626254
"857",557,5275615.80428742,"Tagsdorf",372438.558196082
"858",558,5273737.98530149,"Hausgauen",373966.045066999
"859",559,5272765.84126687,"Hirzbach (Hirtzbach)",366197.508278109
"860",560,5271764.22962314,"Hisingen (Hirsingue)",368781.873981655
"861",570,5273095.80884158,"Franken",376332.338234236
"862",571,5272679.15317024,"Jettingen",377371.8880832
"863",644,5269650.84264657,"Friesen",360846.025064189
"864",645,5270569.36471441,"Hindlingen",359914.533470417
"865",764,5284717.35575957,"Bretten Landkreis Altkirch",355319.543460372
"866",765,5282929.61969288,"St Kosman (Saint-Cosme)",354590.176822919
"867",766,5283464.65265274,"Gildweiler (Gildwiller), Falkweiler, Hecken",360019.399678969
"868",767,5285601.80433095,"Diefmatten Kreis Altkirch",358463.200043167
"869",773,5284465.65456829,"Hochstatt",371011.165665963
"870",776,5281162.45306538,"Illfurt (Illfurth)",369752.723954387
"871",777,5281162.45306538,"Illfurt (Illfurth)",369752.723954387
"872",778,5282371.85060335,"Ober- und Niederspechbach (Spechbach-Le-Haut)",366097.429604459
"873",779,5283324.4282244,"Frönigen",370031.628957084
"874",781,5280995.27748924,"Balschweiler bei Altkirch",362475.462928334
"875",782,5281299.67632923,"Enschingen (Saint-Bernard)",365098.624512878
"876",783,5283520.7328107,"Bernweiler (Bernwiller)",364455.687288051
"877",844,5281400.43659218,"Brückensweiler (Bréchaumont)",354996.600179651
"878",845,5281279.31647277,"Niedertraubach (traubach-Le-Haute)",356742.982595064
"879",846,5279755.40164884,"Büttweiler (Buethwiller)",361072.804781423
"880",847,5279076.64877711,"Hagenbach",361605.102959845
"881",848,5278309.51213413,"Gommersdorf",359787.822381679
"882",849,5276913.9385239,"Dammerkirch (Dannemarie)",358868.744867713
"883",850,5277596.80953483,"Wolfersdorf",358268.990509855
"884",851,5277019.09673559,"Retzweiler",356747.824731759
"885",852,5277158.12753732,"Gottestal, Luttern (Valdieu-Lutran)",354148.199010534
"886",853,5277265.00222655,"Schaffnatt am Weier (Chavannes-Sur-L'Étang)",351634.240312944
"887",854,5275539.05563503,"Mansbach (Manspach)",357608.400140424
"888",855,5274296.82360276,"Altenach",358298.479477571
"889",856,5273042.90477252,"St. Ulrich bei Dammerkirch",358602.717419757
"890",857,5272917.62892098,"Füllern (Fulleren)",360619.289510877
"891",858,5276257.77631294,"Ballersdorf",361935.001434041
"892",545,5267299.86088485,"Grenzach (Grenzach-Wyhlen)",399635.968045725
"893",581,5279757.45762024,"Istein",390037.257720168
"894",582,5278386.00145643,"Efringen (Efringen-Kirchen)",392212.449793747
"895",583,5278386.00145643,"Kirchen (Efringen-Kirchen)",392212.449793747
"896",584,5279872.92799565,"Egringen und Fischingen",394610.970349127
"897",585,5279097.3239048,"Schallbach",396948.64357823
"898",586,5278974.26103375,"Wittlingen",398511.030630521
"899",587,5280560.83626275,"Wollbach",398947.942484333
"900",588,5277293.05657686,"Rümmingen",397956.539673239
"901",589,5276242.53394071,"Binzen",396630.578570311
"902",590,5276259.1722247,"(Weil am Rhein und) Eimeldingen",394462.865315368
"903",591,5275819.53952969,"Märkt",393391.466031692
"904",599,5271946.35572434,"Weil am Rhein",397228.172766254
"905",600,5274106.10905687,"Lörrach",399604.128958225
"906",601,5274106.10905687,"Lörrach",399604.128958225
"907",602,5275763.00121248,"Tumringen",398997.640545438
"908",603,5274312.48876562,"Haltingen",395825.816233476
"909",604,5275277.03389215,"Ötlingen",396410.514556638
"910",605,5279442.41624394,"Hägelberg",404479.352377613
"911",606,5278914.95598049,"Langenau",409807.740730552
"912",607,5278041.20146243,"Schopfheim (/Grenzach, aber gestrichen)",411620.256391719
"913",608,5276804.21481942,"Haagen",400769.410073814
"914",609,5277434.4520379,"Hauingen",401889.801124781
"915",610,5276444.87731885,"Brombach (/Maulburg, aber gestrichen)",401768.681665949
"916",611,5277555.86182095,"Steinen",405299.554295135
"917",612,5276987.65621675,"Höllstein",405788.437788722
"918",613,5276079.71575623,"Hüsingen",405428.089073343
"919",614,5277095.87203842,"Maulburg",408200.350339759
"920",615,5276588.77770726,"Wiechs",410787.513557253
"921",616,5274566.52879954,"Nordschwaben",411091.755244911
"922",617,5274228.4134949,"Adelhausen",406902.883264373
"923",618,5272886.45409164,"Minseln",409100.112334191
"924",619,5268047.64351044,"Eichsel (GID von Obereichsel)",408880.233181358
"925",620,5271356.30760473,"Inzlingen",401333.931064826
"926",621,5271292.30268681,"Karzau (Karsau)",409677.640326391
"927",622,5271292.30268681,"Degerfelden",409677.640326391
"928",623,5269643.81322563,"Nollingen",407615.03279394
"929",624,5268047.64351044,"Rheinfelden-Stadt (Baden)",408880.233181358
"930",625,5267617.15407509,"Herten",404378.710969586
"931",626,5267104.5280092,"Wyhlen",401511.158970215
"932",627,5279366.92114421,"Fahrnau",412606.890632815
"933",628,5279676.19230714,"Kürnberg",415067.8149526
"934",629,5278425.50298533,"Hasel",417237.441646837
"935",638,5271761.09044995,"Schwörstadt",415791.504029217
"936",639,5274251.2657228,"Dossenbach",414101.742713613
"937",641,5277731.90717122,"Eichen",412743.090819434
"938",671,5299310.65614389,"Wieden",416303.024745379
"939",672,5299406.46091907,"Aftersteg (bei Todtnau)",419818.689427223
"940",673,5300251.2488,"Todtnauberg",420952.008045701
"941",674,5300974.02126659,"Muggenbrunn",419009.238880122
"942",680,5299128.11057458,"Brandenberg",423209.454751416
"943",731,5290848.45124079,"Mauchen",394647.271684606
"944",733,5290156.6838223,"Obereggenen, Niedereggenen",398400.330105125
"945",734,5290139.42745031,"Schliengen",393294.682420884
"946",742,5291650.89779009,"Marzell bei Kandern",404612.489130292
"947",743,5292088.16683171,"Bürchau",412111.734143868
"948",744,5294229.5513735,"Neuenweg, Landkreis Lörrach",412162.189466372
"949",745,5287384.6937804,"Malsburg",403175.826506232
"950",746,5297817.54306335,"Todtnau",421142.549449466
"951",747,5296561.51224484,"Schlechtnau",420566.892828518
"952",748,5295098.1249611,"Geschwend",420603.726165343
"953",749,5294703.47787796,"Utzenfeld",418603.845539978
"954",750,5295014.65391058,"Aitern",417275.883664967
"955",751,5294973.45869268,"Böllen",413180.071041471
"956",752,5293859.39689072,"Schönenberg",416289.322316142
"957",753,5293148.34957612,"Schönau",417190.039481714
"958",754,5293048.02562071,"Tunau",419337.243899801
"959",755,5292319.92852689,"Präg",423014.196251314
"960",756,5290985.38090263,"Präg-Herrenschwand",421568.818595252
"961",758,5290262.19597535,"Fröhnd",416364.772446553
"962",798,5287510.67048035,"Bellingen (Bad Bellingen)",391824.238657513
"963",799,5288266.63612569,"Liel",395342.049924605
"964",800,5287910.3263136,"Feuerbach",398185.492264962
"965",801,5285613.75784525,"Riedlingen",397665.795577911
"966",802,5285132.95232918,"Tannenkirch",395758.253238595
"967",803,5286495.09265609,"Hertingen",393841.284816128
"968",804,5285924.64323521,"Bamlach",391204.980713553
"969",805,5285125.09167374,"Rheinweiler",389975.909694587
"970",810,5283051.93056084,"Blansingen",390549.916096873
"971",811,5282734.73932389,"Welmlingen",392114.343800969
"972",812,5281723.31575113,"Mappach",394769.121341079
"973",813,5283355.86620199,"Holzen",397036.084584904
"974",814,5285442.20835337,"Kandern",399660.746345815
"975",815,5281032.63789199,"Wintersweiler",392475.468953693
"976",816,5280968.66814082,"Huttingen",391133.189707559
"977",817,5283013.94912344,"Kleinkems",389151.502540749
"978",818,5287384.6937804,"Malsburg",403175.826506232
"979",819,5289015.73938393,"Wies",407594.434235857
"980",820,5289299.31348223,"Raich",409848.83929945
"981",821,5289275.65800947,"Elbenschwand",412408.704718524
"982",822,5284883.59124816,"Gresgen",411527.618355484
"983",823,5285922.81978311,"Tegernau",409731.864799753
"984",824,5286240.01324229,"Sallneck",407938.038774728
"985",825,5285025.01377005,"Endenburg",404967.183171728
"986",826,5281222.8963382,"Weitenau",407321.724775358
"987",827,5282467.65887556,"Wieslet",409814.024654876
"988",828,5282668.74601173,"Schlächtenhaus-Hofen",405346.718067631
"989",829,5287412.53521113,"Pfaffenberg",415255.049445532
"990",830,5288335.6122861,"Ehrsberg",418010.523534468
"991",831,5287092.38500043,"Häg (bei Mambach)",418595.164508964
"992",832,5288068.79045243,"Happach",421386.907856392
"993",833,5286716.12176789,"Mambach",416288.142148906
"994",834,5285274.54529613,"Atzenbach",415507.412047095
"995",835,5285550.55458462,"Häg-Rohrberg",417808.396360331
"996",836,5285529.89584172,"Adelsberg",412747.503047414
"997",837,5284431.33923175,"Zell im Wiesental",413957.765496143
"998",838,5284072.19487714,"Riedichen",416632.70112513
"999",839,5283203.36920885,"Gersbach",419920.704977723
"1000",840,5281544.56089574,"Hausen im Wiesental",412979.664095699
"1001",841,5281621.94024545,"Raitbach",414507.696372628
"1002",630,5278359.76571783,"Obergebisbach- Hornbach",422999.415062465
"1003",631,5277952.02739473,"Niedergebisbach",424339.989525022
"1004",632,5276460.14032777,"Altenschwand",423080.221189754
"1005",633,5275604.01482267,"Hütten",421019.822986517
"1006",634,5274451.30101392,"Rickenbach",423182.96128027
"1007",635,5273774.97388836,"Bergalingen",421799.292961056
"1008",636,5272995.83954991,"Willaringen",422794.674257457
"1009",637,5271556.85987253,"Öfflingen (Öflingen)",418350.468064715
"1010",640,5275677.7955453,"Wehr",417697.324589161
"1011",642,5268938.01799607,"Wallbach",418268.680880781
"1012",643,5269560.61138242,"Obersäckingen",421914.271057165
"1013",757,5288030.76349002,"Todtmoos",425361.078245382
"1014",842,5290253.82390436,"Rütte (bei Todtmoos; es gibt auch noch eines bei Herreschrie und eines bei Todtnauberg)",426062.727975515
"1015",843,5288030.76349002,"Todtmoos",425361.078245382
"1016",355,5318076.4389122,"Betzenhausen",411630.047062615
"1017",360,5322429.35954531,"Hochdorf",410728.697196289
"1018",364,5318844.36801153,"Lehen",410568.537739878
"1019",367,5319693.17913727,"Waltershofen",404455.111058215
"1020",369,5319809.27591706,"Zähringen",415115.422136697
"1021",433,5314694.18253522,"St. Georgen",410868.225128458
"1022",434,5315804.95870251,"Haslach",412083.937310457
"1023",435,5315115.06622507,"Tiengen",404186.43316702
"1024",436,5317155.82204867,"Opfingen",404209.975162542
"1025",437,5313643.88841573,"Munzingen",402880.781175452
"1026",444,5314412.40773552,"Littenweiler",418162.469936368
"1027",445,5315454.4159455,"Ebnet",418135.49716915
"1028",453,5312901.1971316,"Kappel",418509.059728163
"1029",258,5331036.48314386,"Kiechlinsbergen",399767.681993787
"1030",259,5331189.28515388,"Leiselheim",398478.172648882
"1031",263,5335666.10640935,"Wyhl am Kaiserstuhl",399571.339675202
"1032",267,5331997.89021972,"Königschaffhausen am Kaiserstuhl",399975.039575494
"1033",268,5332565.72045188,"Sasbach",396860.186809837
"1034",270,5330367.06329454,"Jechtingen am Kaierstuhl",396524.265502534
"1035",271,5332885.28874043,"Endingen",403525.066965962
"1036",272,5333789.22754722,"Riegel",407080.117199966
"1037",273,5328984.08115509,"Nimburg",409030.315272012
"1038",274,5327151.33918334,"Bottingen",409419.79814886
"1039",275,5335122.79364466,"Malterdingen",410316.383341923
"1040",278,5332452.48528254,"Köndringen",411166.69567165
"1041",279,5335276.05828441,"Forchheim",403563.897661172
"1042",280,5330638.66383061,"Bahlingen",406185.57605501
"1043",281,5331327.21051192,"Teningen",410965.397302662
"1044",282,5331455.50629675,"Amoltern",401504.031222032
"1045",283,5330377.97340688,"Emmendingen",414379.947896773
"1046",284,5327227.26306441,"Waldkirch",422598.064443591
"1047",285,5327876.22201113,"Wasser",414855.634473635
"1048",286,5330030.44226266,"Windenreuthe (Emmendingen)",417146.891269308
"1049",287,5328749.30317372,"Siensbach",424669.785440184
"1050",288,5333046.56067042,"Siegelau",423944.402139094
"1051",289,5328462.97934182,"Sexau",418697.535956769
"1052",290,5332223.02191424,"Mundingen",413298.050921917
"1053",291,5331266.95469506,"Maleck",416972.026682895
"1054",292,5333570.95785684,"Landeck",413777.491908577
"1055",293,5328577.19136567,"Kollnau",423480.718000572
"1056",294,5328304.60162424,"Kollmarsreute",416491.979193401
"1057",295,5334361.59189978,"Freiamt-Reichenbach",420037.57840118
"1058",296,5336214.56174875,"Freiamt-Mußbach (Mussbach)",417164.272973757
"1059",297,5332910.15546036,"Keppenbach",419689.924967393
"1060",298,5329927.14414908,"Gutach",424624.236071873
"1061",356,5326053.76665199,"Reute",412517.799440649
"1062",376,5324042.00345048,"Vörstetten",414405.970910949
"1063",377,5324457.26300314,"Denzlingen",416553.651055999
"1064",378,5325252.12728719,"Suggental",419905.819784665
"1065",379,5326045.65542777,"Buchholz i.Br.",418970.883440887
"1066",1051,5343756.1947199,"Niederhausen",404454.899150714
"1067",1052,5342297.95859341,"Oberhausen",404230.635338511
"1068",1053,5339111.36877535,"Weisweil",401627.658072731
"1069",1056,5341295.27378128,"Broggingen",413040.337677422
"1070",1057,5340923.29804076,"Tutschfelden",411348.797717406
"1071",1058,5341752.05912466,"Herbolzheim a. d. Bleich",409195.360788276
"1072",1059,5340076.96797513,"Wagenstadt",410583.615575669
"1073",1060,5340126.73242456,"Bleichheim",413120.621177193
"1074",1061,5338538.6309058,"Nordweil",411850.665652588
"1075",1062,5336837.95886951,"Bombach",412048.968280859
"1076",1063,5338480.85932546,"Kenzingen",408594.728048533
"1077",1064,5335887.7382287,"Hecklingen",408349.468473918
"1078",1065,5335168.75974556,"Heimbach",412952.966597757
"1079",1069,5337574.22729173,"Ottoschwanden",418008.4202677
"1080",1070,5336733.02104074,"Freiamt",418684.098602729
"1081",1071,5336378.99782618,"Oberspitzenbach",424810.312531668
"1082",260,5328579.20692344,"Burkheim am Kaiserstuhl",395730.874433542
"1083",261,5328051.76837148,"Oberbergen",399933.648977404
"1084",262,5329023.4212618,"Bischoffingen",397670.562590379
"1085",269,5327141.65085892,"Oberrotweil",398392.260780396
"1086",276,5328737.12117915,"Schelingen am Kaiserstuhl",401962.881705205
"1087",277,5327527.8787972,"Eichstetten",406600.847859583
"1088",342,5322297.87915254,"Breisach",395161.098450993
"1089",343,5318921.46192959,"Gündlingen",398750.890188224
"1090",344,5322269.24997293,"Ihringen",399053.665000923
"1091",345,5324738.88739061,"Achkarren",397527.730653147
"1092",346,5326069.75206384,"Bickensohl",398902.966448434
"1093",357,5320578.92852822,"Umkirch",407738.15662923
"1094",358,5319054.97179707,"Merdingen",402212.036715969
"1095",359,5324690.30229936,"Neuershausen",408349.653875697
"1096",361,5324826.1252378,"Holzhausen",410591.621929272
"1097",362,5322607.12412189,"Gottenheim",405121.535294062
"1098",363,5323038.20759459,"Hugstetten",409123.017332864
"1099",365,5323792.22463847,"Buchheim",409035.83928007
"1100",366,5325691.40968897,"Bötzingen",405103.238412468
"1101",368,5322878.75434089,"Wasenweiler",401729.992780243
"1102",370,5320559.81817333,"Wöldtal (Wildtal)",416012.318830601
"1103",371,5320738.56570181,"Föhrental (Föhrenthal)",419840.571014921
"1104",372,5321602.8022829,"Unterglottertal-Ohrensbach",421740.154194192
"1105",373,5322157.66667393,"Oberglottertal",422796.476480384
"1106",374,5321752.65857559,"Gundelfingen",416011.870905905
"1107",375,5317095.39999041,"Eschbach über Freiburg i.Br.",423951.926569362
"1108",380,5322584.33131997,"Heuweiler",418235.513824912
"1109",414,5314882.40333838,"Oberrimsingen",399958.437669092
"1110",415,5310101.5884666,"Feldkirch",399144.705840531
"1111",416,5310200.28235364,"Hartheim",397458.047153041
"1112",421,5310323.5409635,"Biengen",402133.772299211
"1113",422,5310323.5409635,"Biengen",402133.772299211
"1114",423,5311046.80710366,"Wittnau",411439.130139317
"1115",424,5309805.00111052,"Offnadingen",403812.654294625
"1116",425,5308149.23875882,"Kirchhofen",406130.791270422
"1117",426,5310234.73330903,"Norsingen",404914.973881596
"1118",427,5310530.04762473,"Pfaffenweiler",406983.014545993
"1119",428,5312852.81032465,"Wolfenweiler",407579.775817871
"1120",429,5312482.19949736,"Schallstadt",407744.079517789
"1121",430,5312309.18369763,"Ebringen",408905.473603234
"1122",431,5312169.15984733,"Au",412633.240067939
"1123",432,5313227.83087703,"Merzhausen",412317.812829789
"1124",438,5312489.12252404,"Mengen",403988.138313592
"1125",439,5315711.921596,"Niederrimsingen",400849.070249427
"1126",440,5308123.13392085,"Bollschweil",408796.68296677
"1127",441,5308123.13392085,"Bollschweil",408796.68296677
"1128",442,5309546.92030003,"Sölden",411092.590585111
"1129",443,5308848.74040129,"Schlatt",400999.094819766
"1130",446,5317326.7716844,"Wittental",421135.060314481
"1131",447,5315064.25725175,"Stegen",422466.792509646
"1132",448,5314329.24721737,"Zarten",421661.969165797
"1133",449,5313570.80762457,"Burg am Wald",423838.139057157
"1134",450,5312768.65290675,"Kirchzarten",421814.688293973
"1135",451,5309220.87142713,"Oberried",421202.489820196
"1136",452,5309397.78441068,"Horben",414783.902624969
"1137",650,5300293.97941129,"Buggingen",398054.9560166
"1138",651,5301574.65316279,"Seefelden",398247.38208666
"1139",652,5302830.63871026,"Heitersheim",400368.446883653
"1140",653,5305042.39874667,"Eschbach (bei Heitersheim)",399249.862405437
"1141",654,5307985.01021997,"Bremgarten (Hartheim)",397181.720095769
"1142",655,5303158.34650094,"Grißheim (Grissheim)",394741.736551068
"1143",656,5299833.02671289,"Zienken (Müllheim)",393589.171169104
"1144",657,5306397.33325195,"Tunsel",400290.190926957
"1145",658,5304391.5608331,"Gallenweiler",401336.865326197
"1146",659,5302822.27207225,"Wettelbrunn",402553.235078003
"1147",660,5301624.86039085,"Ballrechten-Dottingen",402822.572179127
"1148",661,5312219.27302814,"Laufen",400885.971616205
"1149",662,5299461.68436854,"Sulzburg",403273.428682999
"1150",663,5300917.08973593,"Untermünstertal-Ziegelplatz (Untermünstertal)",409225.221775615
"1151",664,5299371.92381049,"Untermünstertal-Rotenbuck",409789.203562246
"1152",665,5303928.47252762,"Staufen (bei Freiburg)",405019.614640166
"1153",666,5302822.21707593,"Grunern bei Müllheim",404419.483939296
"1154",667,5308014.45340765,"Bad Krozingen",403122.140856019
"1155",668,5307669.89472202,"Ehrenstetten",406759.731365706
"1156",669,5302704.74797206,"Obermünstertal-Krumlinden (Obermünstertal)",411150.906345808
"1157",670,5300228.57938828,"Obermünstertal-Neuhof",414801.080540496
"1158",675,5305176.96625735,"Sankt Wilhelm",421432.059387605
"1159",676,5305880.39213858,"Hofsgrund",417622.604769293
"1160",677,5309434.10417808,"Zastler",422694.998549713
"1161",678,5306839.75169798,"St Ulrich",413150.359551828
"1162",679,5305108.90079606,"Obermünstertal-Stohren",415927.193802772
"1163",681,5303369.80829422,"Obermünstertal-Spielweg",412957.532469283
"1164",723,5296623.36242272,"Neuenburg (am Rhein)",392206.865811537
"1165",724,5298179.8445507,"Hügelheim",396778.68853717
"1166",725,5298704.75232412,"Dattingen",399483.626927546
"1167",726,5297356.29383736,"Zunzingen",399096.311712314
"1168",727,5295694.85326556,"Niederweiler",398743.79692409
"1169",728,5295893.60119953,"Müllheim",397369.249645689
"1170",729,5293670.61785923,"Auggen",394556.206768349
"1171",730,5293483.6406659,"Lipburg",399380.934019936
"1172",732,5292042.89608028,"Feldberg",398168.833705951
"1173",735,5291659.67529345,"Steinenstadt",391591.289381845
"1174",739,5297974.45089868,"Britzingen",400635.825807581
"1175",740,5295532.67273056,"Badenweiler",401115.914309985
"1176",741,5295716.60950004,"Schweighof",402594.437719428
"1177",891,5368670.05012762,"Altenheim",412323.347543159
"1178",894,5372193.62295272,"Kittersburg",413821.07987527
"1179",895,5371616.20200385,"Hohnhurst",415914.68927909
"1180",909,5368665.44210224,"Müllen",413780.596715075
"1181",1133,5398581.03706943,"Grauelsbaum",425138.020648571
"1182",1134,5395689.25392679,"Helmlingen",423903.011218159
"1183",1135,5396115.68441138,"Scherzheim",426185.870883364
"1184",1136,5393891.90020838,"Muckenschopf am Rhein",425531.731071173
"1185",1137,5392642.50941171,"Memprechtshofen",425096.267900071
"1186",1138,5391472.10119735,"Freistett",421652.975169179
"1187",1199,5389650.56536323,"Rheinbischofsheim",421128.160149037
"1188",1200,5388911.90242643,"Diersheim",418050.182582035
"1189",1201,5388911.90242643,"Diersheim",418050.182582035
"1190",1202,5388080.06461397,"Honau",416853.252214201
"1191",1203,5386316.01444911,"Leutesheim",415707.581602487
"1192",1204,5386565.0830752,"Linx",418727.928190784
"1193",1205,5386438.4653232,"Holzhausen",420430.094068579
"1194",1206,5385740.80132485,"Wagshurst",425928.539433016
"1195",1207,5384502.87992654,"Zierolshofen",419180.319427668
"1196",1208,5384212.07535032,"Auenheim",414189.58859086
"1197",1209,5383654.72043972,"Bodersweier",417031.174025937
"1198",1210,5382414.16862229,"Querbach",416490.700429878
"1199",1252,5380800.13798952,"Kehl",412586.013969595
"1200",1253,5374997.50731698,"Marlen",413098.708248072
"1201",1254,5374002.78375174,"Goldscheuer",412788.663775033
"1202",1260,5380314.98984595,"Neumühl",414716.794240877
"1203",1261,5379151.35191027,"Odelshofen",417377.371368966
"1204",1262,5380007.81524021,"Legelshurst",419813.820852478
"1205",1263,5378724.69821519,"Urloffen",423915.935368345
"1206",1264,5376819.53888533,"Appenweier",424717.08253151
"1207",1268,5374749.76977083,"Hesselhurst",417381.580862053
"1208",1269,5374749.76977083,"Hesselhurst",417381.580862053
"1209",1270,5375830.11664788,"Eckartsweier",415227.151840058
"1210",1271,5376767.52273978,"Willstätt",418229.141298547
"1211",1272,5376686.61913675,"Sand",420388.233025917
"1212",1273,5379759.32918416,"Kork",416558.345526635
"1213",896,5372232.23711392,"Weier",420043.158403939
"1214",897,5371836.77054754,"Bühl",421128.218808615
"1215",898,5371591.88969046,"Bohlsbach",422273.13444696
"1216",899,5370656.45483057,"Rammersweier",423612.028539969
"1217",900,5370832.70984687,"Waltersweier",420109.828013382
"1218",901,5369295.45242184,"Offenburg",422000.563112845
"1219",902,5369495.11786305,"Zell-Weierbach (Weierbach)",424741.382430613
"1220",903,5368453.46977749,"Fessenbach",424571.520214158
"1221",904,5367043.10902192,"Ortenberg",423876.044634838
"1222",905,5370832.70984687,"Waltersweier",420109.828013382
"1223",906,5364805.93542329,"Ohlsbach",425493.550787579
"1224",907,5363740.68462843,"Zunsweier",422040.167721407
"1225",908,5363994.9033076,"Hofweier",419209.654847475
"1226",910,5367302.00185027,"Schutterwald",417690.499405329
"1227",959,5363262.67175841,"Niederschopfheim",417943.33767767
"1228",961,5361351.17238364,"Diersburg",421345.476323006
"1229",962,5362005.91438862,"Berghaupten",425042.961720464
"1230",963,5359824.46276319,"Bermersbach",425401.390085205
"1231",1015,5357278.43167404,"Schönberg",428354.066602432
"1232",1265,5373178.6006034,"Ebersweier",424884.228017708
"1233",1266,5374045.97443714,"Windschläg",422969.437728852
"1234",1267,5373591.7033576,"Griesheim",420530.730861705
"1235",892,5366888.49349147,"Dundenheim",412425.913289487
"1236",893,5364955.79721753,"Ichenheim",412094.149497082
"1237",950,5362480.31204739,"Meissenheim",409522.02641459
"1238",951,5359945.24709156,"Ottenheim",407807.198098553
"1239",952,5360136.03626636,"Kürzell",412322.975989578
"1240",953,5357810.62156437,"Allmannsweier",409883.114793782
"1241",954,5355868.64395337,"Nonnenweier",408129.293385113
"1242",958,5353923.73428091,"Langenwinkel",412957.927709178
"1243",960,5361144.62956632,"Oberschopfheim",418649.306294892
"1244",964,5358841.22361407,"Oberweier",418408.89022925
"1245",965,5358456.9314125,"Friesenheim",416699.780322709
"1246",966,5362042.00682246,"Schutterzell",414260.049007509
"1247",967,5359416.37406268,"Schuttern",415049.795734039
"1248",968,5356976.97932944,"Hugsweier",413882.667392559
"1249",969,5355793.94045189,"Dinglingen",415445.390371756
"1250",970,5354721.32495663,"Lahr (Lahr/Schwarzwald)",416710.191212154
"1251",971,5354538.28990889,"Kuhbach",419067.483443563
"1252",1001,5353269.1025019,"Wittenweier",408003.476798359
"1253",1002,5349688.86894505,"Kippenheim",412825.584192507
"1254",1003,5352471.63689702,"Kippenheimweiler",411598.029614296
"1255",1004,5348889.41934117,"Mahlberg",411965.274770192
"1256",1005,5347935.95490544,"Orschweier",410866.332156224
"1257",1006,5346552.18272011,"Altdorf",411987.034166004
"1258",1007,5345468.945995,"Ettenheim",411940.603993602
"1259",1008,5349559.55273294,"Kappel a. Rh.",406677.770935849
"1260",1009,5349559.55273294,"Grafenhausen (Kappel-Grafenhausen)",406677.770935849
"1261",1010,5346953.94993718,"Rust",405439.286642824
"1262",1011,5353230.61056711,"Mietersheim",413866.640698412
"1263",1012,5352329.90456078,"Sulz",415509.513060789
"1264",1013,5352329.90456078,"Sulz",415509.513060789
"1265",1014,5353757.61543678,"Reichenbach (Gengb.)",420185.351603405
"1266",1016,5351283.79905176,"Seelbach",421481.063463181
"1267",1017,5349335.51897718,"Wittelbach",422170.065396854
"1268",1018,5346934.15323565,"Schuttertal",422503.123050097
"1269",1019,5347984.75390936,"Schmieheim",415168.182422849
"1270",1020,5346616.71026827,"Wallburg",414911.027725916
"1271",1021,5344443.29067332,"Münchweier",415283.247930648
"1272",1054,5344397.18816678,"Ringsheim",409458.750240941
"1273",1055,5343288.61380688,"Ettenheimweiler",412386.699519668
"1274",1066,5343750.88875565,"Ettenheimmünster",416855.466937449
"1275",1067,5344398.43454013,"Dörlinbach",422335.724041365
"1276",1068,5341290.95113888,"Schweighausen",423345.342471757
